,name,postcode,latitude,longitude,popularity,price,rating
0,The Black Horse,EN5 4BW,51.653075,-0.206657,0.9395506925852636,1.0,8.1
1,Ye Olde Mitre Inne,EN5 5SJ,51.652979,-0.199367,0.9827680130368992,1.0,7.6
2,The Arkley,EN5 3EP,51.652533,-0.219573,0.9873751600512164,1.0,7.7
3,Railway Tavern,EN4 8RR,51.650059,-0.174692,0.9508951228029332,1.0,7.4
4,The Kings Head,EN5 5SN,51.653499,-0.200979,0.3777767431032476,1.0,6.6
5,The Monken Holt,EN5 5SU,51.658291,-0.201368,0.246145966709347,1.0,6.8
6,The Green Dragon,EN5 4RE,51.674789,-0.216312,0.9721663862841196,1.0,7.2
7,The Red Lion,EN5 5UW,51.652453,-0.199044,0.967386800139681,1.0,6.1
8,The Orange Tree,N20 8NX,51.629934,-0.197419,0.9514980793854032,1.0,6.5
12,Queens Arms,EN5 1AB,51.64669,-0.188042,0.8880013968106157,1.0,5.6
14,The Railway Bell,EN4 8RR,51.650462,-0.172977,0.9352252357117914,1.0,5.6
15,Prince of Wales,EN4 8TB,51.642101,-0.163195,0.9672191828657898,1.0,5.7
17,Kings Head,DA5 1AA,51.441903,0.149824,0.9516005121638924,1.0,6.7
18,The Traveller's Home,DA7 5AR,51.462432,0.152058,0.946253055523222,1.0,7.1
19,The Prince Albert,DA6 7LE,51.455431,0.152618,0.8890862530555232,1.0,6.8
20,The George,DA5 1AJ,51.441873,0.150353,0.9505971365382376,1.0,6.2
21,Yacht,DA7 5AE,51.466222,0.144872,0.9660365498777792,1.0,6.8
22,William Camden,DA7 4EQ,51.462077,0.131824,0.9428588057269236,1.0,6.6
24,The Furze Wren,DA6 7DY,51.456671,0.146431,0.9956908392503784,1.0,6.1
26,The Kings Arms,DA6 7DW,51.456949,0.142945,0.9587754626935164,1.0,6.1
27,The Crayford Arms,DA1 4HH,51.452565,0.177089,0.9038924455825864,1.0,6.2
28,The Three Blackbirds,DA5 1BX,51.448248,0.122272,0.8989593760912583,1.0,6.1
30,Golden Lion,DA6 8BE,51.458035,0.13575,0.9629891747177278,1.0,5.8
33,The Wrong Un,DA6 8AS,51.457841,0.137459,0.9383750436503318,1.0,5.6
39,Bear & Ragged Staff,DA1 4BS,51.451845,0.177927,0.9192736584798044,1.0,5.5
46,The White Horse,HA9 0HP,51.558346,-0.280355,0.9762146432312886,1.0,6.8
47,The Fusilier,HA20 2HA,51.561739,-0.3319285,0.9605191479455244,1.0,7.2
48,The Torch,HA9 9AB,51.56493,-0.277282,0.9589873123035736,1.0,5.7
50,J J Moon's,HA9 6AA,51.553489,-0.292652,0.9868094517518332,1.0,6.1
51,The Parish,HA9 8HP,51.561744,-0.282882,0.985580258409964,1.0,5.6
57,J J Moons,NW9 9EL,51.584604,-0.280033,0.9920568036317076,1.0,5.7
69,Black Horse,BR6 8NW,51.368235,0.056846,0.9547410080316612,1.0,7.5
70,One Inn the Wood,BR5 1LA,51.390105,0.073816,0.9743708532184844,1.0,8.3
71,The British Queen,BR6 8NL,51.366437,0.0542,0.9464020486555698,1.0,7.3
72,The Greyhound,BR2 6BP,51.363645,0.028593,0.956840879990688,1.0,7.4
73,The Woodman,BR6 7BA,51.359255,0.067621,0.9380677453148644,1.0,6.6
74,The Royal Oak,BR6 6BJ,51.351319,0.089519,0.904898149225934,1.0,7.0
75,Ye Olde Whyte Lyon,BR6 8NE,51.364223,0.056685,0.9090862530555232,1.0,6.4
76,The Chequers,BR2 8AP,51.39028,0.045439,0.9756116866488184,1.0,6.5
77,The Fox Inn,BR2 6BQ,51.361966,0.02739,0.938291235013386,1.0,6.4
78,The Queens Head,BR6 6BQ,51.352253,0.089814,0.9880409731113956,1.0,6.2
80,Sovereign of the Seas,BR5 1DG,51.389374,0.072001,0.9537306483529276,1.0,6.1
81,The Buff,BR6 9NL,51.360007,0.087786,0.9353043883133512,1.0,5.7
83,Daylight Inn,BR5 1LZ,51.389403,0.075031,0.9517471772785472,1.0,5.7
85,The Harvest Moon,BR6 0LQ,51.377816,0.101193,0.9570690257245956,1.0,5.0
86,Tapping the Admiral,NW1 8SU,51.545249,-0.146113,0.987289023396578,2.0,8.9
87,The Hawley Arms,NW1 8QU,51.542083,-0.145564,0.9828029333022932,2.0,8.8
88,The Southampton Arms,NW5 1LE,51.55606,-0.146228,0.985969037364684,2.0,9.1
89,The Washington,NW3 4UE,51.545666,-0.162814,0.9828285414969152,1.0,7.7
90,The Pineapple,NW5 2NX,51.553066,-0.139617,0.976058666045862,2.0,8.5
91,Edinboro Castle,NW1 7RU,51.536059,-0.144828,0.974920265394017,2.0,8.1
92,The Lion and Unicorn,NW5 2ED,51.548005,-0.139121,0.9646979397043416,1.0,8.2
93,The Rose & Crown,NW5 2SG,51.550286,-0.13306,0.9731207077173788,1.0,8.6
94,The Colonel Fawcett,NW1 0SS,51.541765,-0.136043,0.9837550925387032,2.0,8.2
95,The Elgin,W9 1NJ,51.53033,-0.18551,0.9870911418926784,2.0,8.4
96,The Old Eagle,NW1 9LU,51.54285,-0.139508,0.97363752764521,1.0,8.1
97,The Lord Stanley,NW1 9BH,51.547148,-0.129562,0.972580607612618,1.0,8.5
98,Lord Wargrave,W1H 5HE,51.518117,-0.165765,0.9868536840879992,1.0,8.8
99,The Warrington,W9 1EH,51.526695,-0.183411,0.9797136538237692,1.0,8.3
100,The Elephants Head,NW1 8QR,51.540698,-0.143932,0.9857036433476896,2.0,7.8
101,The Windsor Castle,NW1 4SH,51.526381,-0.162255,0.9709440111744848,1.0,8.1
102,The World's End,NW1 0NE,51.539159,-0.142119,0.9960074496566174,1.0,7.9
103,The Garden Gate,NW3 2QE,51.554679,-0.165585,0.9738749854498894,1.0,7.8
104,The Flask,NW3 1HE,51.556631,-0.177141,0.9646257711558608,1.0,8.0
105,The Royal Oak,W1H 1QN,51.520094,-0.162501,0.9478780118728902,1.0,8.3
106,The Abbey Tavern,NW1 9QB,51.545839,-0.141539,0.9761960190897452,1.0,7.7
107,The Ordnance,NW8 6PS,51.535794,-0.171563,0.9490792690024444,1.0,7.4
108,The Freemasons Arms,NW3 1NT,51.556904,-0.168907,0.9535420789197998,2.0,7.7
109,The Lord Palmerston,NW5 1HU,51.559512,-0.140553,0.9618368059597252,1.0,7.9
110,The George,NW3 2AE,51.552332,-0.167195,0.9646467233150972,1.0,7.4
111,The Clifton,NW8 0JT,51.535985,-0.184918,0.9685508089861484,1.0,7.6
112,North London Tavern Kilburn,NW6 7QB,51.545549,-0.202573,0.9916354324292864,2.0,7.9
113,The Pembroke,NW1 8JA,51.542409,-0.154896,0.9618903503666628,1.0,7.1
114,Duke of Hamilton,NW3 1JD,51.55889,-0.177418,0.9874426725643116,1.0,7.6
115,Prince Albert,NW1 0SG,51.539934,-0.137066,0.964583866837388,1.0,7.4
116,Assembly House,NW5 2TG,51.551025,-0.140492,0.9621743685252008,2.0,7.3
117,Lore of the Land,W1T 6BB,51.522025,-0.139527,0.9645978349435456,1.0,7.6
118,Allsop Arms,NW1 5AL,51.522369,-0.160111,0.9806937492724944,1.0,7.5
119,The Parcel Yard,N1C 4AH,51.532327,-0.123734,0.997623093935514,3.0,7.5
120,Devonshire Arms,NW1 8NL,51.540935,-0.142322,0.9830403911069724,2.0,7.1
121,The Exmouth Arms,NW1 2HR,51.527829,-0.136822,0.9714841112792456,1.0,7.4
122,The Constitution,NW1 0QT,51.540281,-0.135388,0.9253451286229776,1.0,7.2
123,Warwick Castle,W9 2PX,51.522021,-0.183867,0.9625887556745432,1.0,7.3
124,The Camden Eye,NW1 9NX,51.53948,-0.142198,0.9884763124199744,1.0,6.9
125,Princess of Wales,NW1 8LL,51.540347,-0.153859,0.9532208124781748,1.0,6.7
126,Oxford Arms,NW1 7BU,51.54057,-0.144377,0.9842858805726924,1.0,6.8
127,Fountains Abbey,W2 1RL,51.516902,-0.172958,0.9829984867884995,1.0,7.2
128,Sir Colin Campbell,NW6 2BY,51.543477,-0.199431,0.9678826679082762,1.0,6.9
129,The Enterprise,NW3 2BL,51.544126,-0.152844,0.9865231055756024,1.0,6.3
130,The Star of Kings,N1 0AX,51.536521,-0.121916,0.9898940751949716,1.0,6.9
131,Carlton Tavern,NW6 5EU,51.532056,-0.191426,0.9593062507275056,1.0,6.7
132,The Ice Wharf,NW1 7BY,51.540346,-0.145704,0.9922686532417646,1.0,6.4
133,The Good Mixer,NW1 7HJ,51.539487,-0.144393,0.9773157956000466,1.0,6.4
134,The Metropolitan Bar,NW1 5LD,51.522676,-0.156862,0.9976161098824352,2.0,6.6
135,Globe,NW1 5JY,51.52197,-0.157056,0.9952834361541149,2.0,6.6
136,The Albany,W1W 5QU,51.523228,-0.143925,0.9778838319171226,2.0,6.6
137,The Royal Exchange,W2 1PU,51.518134,-0.169737,0.9607542777325108,1.0,6.7
138,The Railway,NW6 2LU,51.546252,-0.190963,0.9776626702362938,1.0,6.5
139,Ye Olde Swiss Cottage,NW3 5EL,51.542894,-0.174764,0.9837783727156326,1.0,6.1
140,The Barrel Vault,N1C 4QP,51.533462,-0.1286822,0.9984169479688044,1.0,6.6
141,Prince of Wales Feathers,W1T 5LD,51.524233,-0.13855,0.9658479804446514,1.0,6.5
142,The Doric Arch,NW1 1DN,51.527996,-0.132049,0.9867582353625888,2.0,6.5
143,Lyttelton Arms,NW1 7JE,51.534532,-0.139251,0.978472820393435,2.0,6.3
144,Quinn's,NW1 8NY,51.543002,-0.142073,0.966569665929461,1.0,5.7
145,O'Neill's,NW1 2QS,51.528916,-0.126176,0.985366080782214,2.0,6.1
146,Royal George,NW1 1DG,51.528287,-0.131597,0.9944476778023512,2.0,6.0
148,The Rocket,NW1 2AL,51.528246,-0.128965,0.982765685019206,3.0,5.9
149,The Court,W1T 5AA,51.523067,-0.136878,0.9726364800372482,1.0,5.8
150,Green Man,NW1 3AU,51.523695,-0.143183,0.974817832615528,2.0,5.6
151,The Stags Head,W1W 6XW,51.519907,-0.143195,0.9667791875218252,1.0,5.7
152,Duke of York,W1H 5HT,51.517584,-0.164117,0.96916307763939,1.0,5.6
153,The Northumberland Arms,W1T 5AW,51.523533,-0.137327,0.9772087067861716,1.0,5.4
154,Ye Olde Cheshire Cheese,EC4A 2BU,51.514321,-0.10721,0.9835199627517168,2.0,8.6
155,The Culpeper,E1 6LP,51.516814,-0.072909,0.9875264812012572,2.0,8.8
156,The Rake,SE1 9AG,51.506131,-0.091223,0.9845605866604586,2.0,8.5
157,The Blackfriar,EC4V 4EG,51.512102,-0.103706,0.9902619019904552,2.0,8.2
158,Founder's Arms,SE1 9JH,51.508517,-0.101674,0.9931486439296938,2.0,8.3
159,Old Fountain,EC1V 9NU,51.526891,-0.089027,0.9819113025258992,2.0,8.5
160,The Understudy,SE1 9PX,51.507632,-0.113841,0.9906064486090096,1.0,8.9
161,Cittie of Yorke,WC1V 6BN,51.518437,-0.112948,0.9889931323478058,1.0,8.5
162,Carpenter's Arms,E2 6EG,51.523989,-0.067348,0.9557909440111744,2.0,9.0
163,The Pride of Spitalfields,E1 5LJ,51.518945,-0.071245,0.9637038761494588,1.0,8.5
164,The Old Bank of England,EC4A 2LT,51.513916,-0.111302,0.9886462577115586,1.0,8.2
165,The Three Johns,N1 9PF,51.532948,-0.109065,0.9807729018740542,1.0,9.0
166,Seven Stars,WC2A 2JB,51.51507,-0.113256,0.978258642765685,1.0,8.2
167,Rosemary Branch,N1 3DT,51.537583,-0.087005,0.9852170876498662,1.0,8.8
168,The Narrow Boat,N1 8PZ,51.533078,-0.096802,0.9787824467465952,2.0,8.4
169,Upstairs at the Ten Bells,E1 6LY,51.51935,-0.074203,0.9895378884879524,2.0,8.0
170,The Telephone Exchange,SE1 9SG,51.505084,-0.088106,0.9960563380281692,1.0,7.9
171,Marksman,E2 7SJ,51.530863,-0.069572,0.9911395646606914,1.0,8.5
172,The Roebuck,SE1 4YG,51.498095,-0.090711,0.9644022814573392,2.0,8.2
173,Anchor Bankside,SE1 9EF,51.507187,-0.092961,0.9938586893260388,1.0,7.6
174,The Porterhouse,WC2E 7NA,51.510321,-0.123561,0.9872983354673496,2.0,8.3
175,"Draft House, Tower Bridge",SE1 2UP,51.502839,-0.076931,0.9895937609125828,3.0,8.0
176,Princess Louise,WC1V 7BW,51.51728,-0.121619,0.9893400069840532,1.0,8.1
177,The Buxton,E1 6TD,51.517236,-0.070382,0.9808404143871492,1.0,7.8
178,The Woolpack,SE1 3UB,51.500766,-0.082037,0.9852706320568037,2.0,7.9
179,Royal Oak,SE11 6QU,51.49313,-0.11277,0.929691537655686,1.0,8.4
180,The Owl & Pussycat,E2 7DP,51.52428825,-0.07547460158828037,0.9875241531835642,2.0,7.7
181,The Hydrant,EC3R 8BG,51.510305,-0.086303,0.9849214294028634,1.0,7.4
182,Waxy O'Connor's,W1D 6DD,51.51078,-0.132348,0.9889116517285532,2.0,8.3
183,The Wheatsheaf,SE1 9AA,51.505267,-0.0912,0.9855942265161216,2.0,7.6
184,Captain Kidd,E1W 2NE,51.50332,-0.058146,0.9736002793621232,1.0,8.2
185,The Prospect of Whitby,E1W 3SJ,51.507103,-0.051082,0.9853404725875916,1.0,8.3
186,De Hems Dutch Cafe Bar,W1D 5BW,51.512129,-0.131253,0.9891374694447678,2.0,8.1
187,Sherlock Holmes,WC2N 5DB,51.507324,-0.1252,0.9948294727039926,2.0,8.0
188,The White Hart,E1 4TP,51.520232,-0.056084,0.9888581073216156,2.0,8.0
189,The Angel,SE16 4NB,51.500684,-0.059019,0.9709556512629496,1.0,8.0
190,The Old Shades,SW1A 2BX,51.506493,-0.126804,0.9869491328134092,2.0,7.9
191,The Dickens Inn,E1W 1UH,51.506611,-0.070149,0.99023396577814,2.0,7.5
192,Camden Head,N1 8DY,51.535608,-0.102957,0.977692934466302,2.0,7.6
193,The Minories,EC3N 1JL,51.510836,-0.074717,0.9935281108136422,1.0,7.3
194,The Horniman at Hays,SE1 2HD,51.505728,-0.083503,0.9953625887556744,2.0,7.2
195,The Eagle,N1 7LB,51.52861,-0.091645,0.9871074380165288,2.0,7.2
196,The Red Lion,SW1A 2NH,51.502051,-0.125749,0.991514375509254,1.0,7.7
197,The Wellington,WC2R 0HS,51.511424,-0.119594,0.9953975090210686,2.0,7.4
198,The Castle,E1 1LN,51.514881,-0.06905,0.9924735187987428,1.0,7.2
199,Liberty Bounds,EC3N 4AA,51.509744,-0.078495,0.9943266208823188,2.0,7.0
200,O'Neill's,W1D 6PU,51.511277,-0.132138,0.9954091491095332,2.0,7.4
201,The Salisbury Pub,WC2N 4AP,51.510909,-0.127233,0.9895658247002678,1.0,7.3
202,The Old Thameside Inn,SE1 9DG,51.506974,-0.091718,0.9823163776044698,2.0,6.8
203,The Marquis of Cornwallis,WC1N 1AP,51.524424,-0.125061,0.9951134908625304,2.0,7.2
204,Shakespeares Head,WC2B 6BG,51.516833,-0.119602,0.996980561052264,1.0,7.0
205,Goodmans Field,E1 8AN,51.511573,-0.072804,0.988490280526132,1.0,6.8
206,The Ring,SE1 8HA,51.503556,-0.104875,0.9910604120591316,3.0,6.9
207,George IV,WC2A 2HE,51.514682,-0.116972,0.972897218018857,1.0,6.9
208,Pommelers Rest,SE1 2UN,51.502449,-0.077168,0.9929624025142592,1.0,6.8
209,The Clarence,SW1A 2HP,51.506172,-0.126724,0.988134093819113,1.0,7.0
210,Elephant & Castle,SE1 6BN,51.495791,-0.099753,0.9839343499010592,1.0,6.9
211,The Cross Keys,WC2H 9EB,51.514539,-0.124751,0.9768455360260738,1.0,6.9
212,The White Hart,E1 7RA,51.515771,-0.070889,0.9938400651844954,1.0,6.7
213,St Stephens Tavern,SW1A 2JR,51.501093,-0.125416,0.9966173902921662,1.0,7.0
214,Doggetts Coat & Badge,SE1 9UD,51.508486,-0.104715,0.9942172040507508,2.0,6.5
215,The Barrowboy and Banker,SE1 9QQ,51.50622,-0.088653,0.9954394133395412,2.0,6.5
216,The Paternoster,EC4M 7DZ,51.515147,-0.098648,0.9909928995460364,2.0,6.2
217,The Coal Hole,WC2R 0DW,51.51031,-0.121462,0.9918519380747294,1.0,6.7
218,The Crown & Two Chairmen,W1D 3SB,51.513917,-0.132365,0.9840693749272494,2.0,6.8
219,Penderel's Oak,WC1V 7HP,51.517995,-0.115506,0.9934489582120823,1.0,6.4
220,The Montagu Pyke,WC2H 0DT,51.514026,-0.130009,0.9890490047724364,1.0,6.6
221,The Railway Tavern,EC2M 7NX,51.517473,-0.083313,0.9935746711675008,1.0,5.9
222,Hamilton Hall,EC2M 7PY,51.518963,-0.081491,0.9976743103247584,1.0,5.9
223,Crown & Anchor,WC2H 9PS,51.514034,-0.12515,0.9901687812827378,1.0,6.3
224,The Sir John Oldcastle,EC1M 3JF,51.519845,-0.105863,0.993004306832732,2.0,5.7
225,Theodore Bullfrog,WC2N 6HL,51.508844,-0.123909,0.9744337096961936,1.0,6.0
226,Maple Leaf,WC2E 7LJ,51.511006,-0.122778,0.980144337096962,2.0,5.9
227,The Hole in the Wall,SE1 8SQ,51.504149,-0.113121,0.9916726807123736,1.0,5.7
228,The York,N1 8EQ,51.533785,-0.104983,0.9871330462111512,2.0,5.7
229,Millers,N1 9DX,51.531529,-0.121105,0.9794436037713886,1.0,5.8
230,The Oval Tavern,CR0 6BR,51.378307,-0.08766,0.9478966360144336,1.0,8.1
231,Dog & Bull,CR0 1RG,51.373001,-0.10156,0.9541543475730416,1.0,7.4
232,The Royal Standard,CR0 1SS,51.369907,-0.1017,0.962979862646956,1.0,7.2
233,The Spread Eagle,CR0 1NX,51.372206,-0.100033,0.964828308695146,1.0,7.0
234,The Crown & Pepper,CR0 1NF,51.368942,-0.09918,0.9276452101035968,1.0,7.0
235,The Green Dragon,CR0 1NA,51.371635,-0.100653,0.9894750320102432,1.0,6.9
236,The Tree House,CR0 1DP,51.365253,-0.099315,0.93079734605983,1.0,7.1
237,The Clifton Arms,SE25 6NJ,51.396457,-0.086244,0.9258875567454312,1.0,7.7
238,The Plough,CR0 4QR,51.367301,-0.131859,0.9373553719008264,1.0,6.7
239,The George,CR0 1LA,51.374118,-0.098509,0.9799534396461412,1.0,6.0
240,The Skylark,CR0 1DP,51.366174,-0.099305,0.9708788266790828,1.0,6.1
241,Crown & Sceptre,CR2 6RB,51.359532,-0.096573,0.979501804213712,1.0,6.2
242,Two Brewers,CR0 2DW,51.388268,-0.090023,0.9236759399371436,1.0,6.4
243,Goose on the Market,CR0 1RG,51.372735,-0.101447,0.0936165754859737,1.0,5.5
246,The Ship of Fools,CR0 2RE,51.378538,-0.103593,0.9263065999301596,1.0,6.0
248,Bedford Tavern,CR0 2EF,51.378826,-0.095108,0.9569875451053428,1.0,5.8
252,Porter and Sorter,CR0 6BT,51.375946,-0.091831,0.9863065999301596,1.0,5.6
278,The Drapers Arms,W5 5DB,51.51186,-0.305193,0.9512396694214876,1.0,8.4
279,The Castle Inn,W5 5EU,51.506168,-0.305337,0.9379885927133046,1.0,8.1
280,The Grange,W5 3XH,51.508335,-0.296239,0.9769572808753346,1.0,8.1
281,Red Lion,W5 5RA,51.507921,-0.304918,0.9513607263415202,2.0,7.9
282,Express Tavern,TW8 0EW,51.489081,-0.28782,0.9784169479688044,1.0,8.8
283,The Dodo Micropub,W7 3TR,51.506847,-0.337546,0.9592270981259458,1.0,8.4
284,The Haven Arms,W5 2HZ,51.516925,-0.300023,0.921389826562682,1.0,7.5
285,The Duke of Kent,W13 8DL,51.525272,-0.320271,0.93328832499127,2.0,7.8
286,The Station House,W3 6BH,51.508768,-0.263176,0.9765754859736934,1.0,8.3
287,The Lord Nelson,TW8 9NY,51.491341,-0.308527,0.926995693167268,2.0,7.8
288,The Sir Michael Balcon,W5 3TJ,51.513537,-0.298406,0.9780048888371552,1.0,7.0
289,The Aeronaut,W3 9BH,51.508508,-0.275519,0.952291933418694,2.0,7.5
290,The Griffin,TW8 0NP,51.487058,-0.302964,0.9280805494121755,1.0,7.8
291,The North Star,W5 5JN,51.513748,-0.301944,0.9707018973344196,2.0,6.8
292,The Rocket,W3 6BD,51.508668,-0.264153,0.87776277499709,1.0,7.4
293,The Fox Inn,W7 2PJ,51.50424,-0.343336,0.9598510068676522,1.0,7.4
294,The New Inn,W5 5EX,51.504955,-0.305795,0.94941683156792,1.0,6.6
295,The Globe,TW8 9NA,51.490524,-0.309753,0.9463741124432544,1.0,7.0
296,The Lodge Tavern,W5 3TA,51.513796,-0.299808,0.939005936445117,1.0,6.2
297,The Village Inn,W5 1QP,51.526502,-0.312652,0.9177837271563264,1.0,6.5
298,The Forester,W13 9EP,51.506154,-0.320372,0.9803072983354674,1.0,6.4
299,The Talbot Inn,W3 8JB,51.506495,-0.273439,0.8772971714585031,1.0,6.6
300,Princess Royal,TW8 0LF,51.488181,-0.301003,0.8793341869398208,1.0,6.6
302,The Greystoke,W5 3HU,51.516955,-0.290291,0.9532999650797346,1.0,5.8
305,The Viaduct,W7 3TD,51.508424,-0.341908,0.9701198929111862,1.0,6.1
307,The Belvedere,W3 6QX,51.506873,-0.268905,0.851616808287743,1.0,5.9
308,The Red Lion & Pineapple,W3 9BP,51.50824,-0.276597,0.9878756838551972,1.0,5.7
319,Myllet Arms,UB6 8TE,51.533047,-0.322995,0.9344802700500524,1.0,5.2
320,Jolly Farmers,EN2 7QS,51.654837,-0.107763,0.9270213013618904,1.0,8.0
321,Little Green Dragon,N21 2AD,51.636045,-0.09087,0.9904271912466536,1.0,8.0
322,Kings Head,EN2 6LL,51.652603,-0.082556,0.9637411244325456,1.0,7.0
323,The Goat,EN3 4HB,51.646867,-0.04726,0.9869188685834012,1.0,7.8
324,The Cricketers,EN2 6QA,51.656459,-0.087395,0.9121196601094168,1.0,7.0
325,The Stag and Hounds,N9 9JW,51.6336569,-0.0727636,0.9213572343149808,1.0,7.4
326,Jolly Butchers,EN1 3JS,51.659445,-0.079876,0.9421161680828776,1.0,6.9
327,The Old Wheatsheaf,EN2 6SE,51.653768,-0.089591,0.9489954603654988,1.0,6.8
328,The Moon Under Water,EN2 6NN,51.658929,-0.087722,0.9622209288790596,1.0,6.7
329,O'Neill's,EN2 6LE,51.651818,-0.081325,0.9542637644046096,1.0,6.4
330,Rose & Crown,EN2 9AJ,51.67126,-0.083766,0.9439972063787684,1.0,7.0
331,Crown & Horseshoes,EN2 6PZ,51.656036,-0.087194,0.9161750669305088,1.0,6.5
332,The Salisbury Arms,N21 3NP,51.63301,-0.103004,0.9744360377138866,1.0,7.1
333,The Stag,EN2 6PH,51.65287,-0.086742,0.9532673728320336,1.0,5.8
334,The Sporting Green,EN3 5JF,51.656702,-0.047118,0.9201489931323478,1.0,6.5
335,The George,EN2 6LE,51.651976,-0.081412,0.0215341636596438,1.0,5.5
338,The Ridgeway Tavern,EN2 8JF,51.662837,-0.10407,0.9384541962518916,1.0,6.2
346,Cutty Sark Tavern,SE10 9PD,51.486376,-0.000292,0.9762891397974623,2.0,8.9
347,Plume of Feathers,SE10 9LZ,51.48197,-0.000874,0.9340635548830172,1.0,8.1
348,The Duke,SE8 3BU,51.481192,-0.020377,0.9642346641834478,2.0,8.6
349,Trafalgar Tavern,SE10 9NW,51.484464,-0.004294,0.990981259457572,2.0,7.9
350,The River Ale House,SE10 0RJ,51.486287,0.013286,0.9931230357350715,1.0,8.7
351,The Vanbrugh,SE10 9EZ,51.483457,0.008083,0.9689977883831916,1.0,8.2
352,Richard the First,SE10 8RT,51.476648,-0.009698,0.9524246304271912,1.0,8.1
353,The Dog & Bell,SE8 3JD,51.483374,-0.02591,0.9761145384704925,1.0,8.7
354,The Gipsy Moth,SE10 9BL,51.48227,-0.009748,0.9784984285880572,2.0,7.8
355,The Greenwich Union,SE10 8RT,51.47643,-0.00974,0.7070701897334419,2.0,8.0
356,Royal Albert,SE14 6TJ,51.4751632,-0.0286207,0.9701105808404143,1.0,8.7
357,The Brookmill,SE8 4EJ,51.470842,-0.022017,0.955807240135025,1.0,8.5
358,Job Centre,SE8 4NS,51.478351,-0.025767,0.923906413688744,1.0,8.2
359,The Bird's Nest,SE8 4RZ,51.476173,-0.02252,0.9388569433127693,1.0,8.1
360,The Pelton Arms,SE10 9PQ,51.486786,0.002794,0.9835711791409616,2.0,7.7
361,The Guildford Arms,SE10 8JY,51.474197,-0.01604,0.9545058782446748,1.0,7.7
362,Greenwich Tavern,SE10 9JH,51.479844,-0.007202,0.983198696310092,1.0,7.4
363,The Ship & Whale,SE16 7LT,51.496846,-0.034081,0.9633849377255268,1.0,8.5
364,Princess of Wales,SE3 0RL,51.469343,0.010453,0.9677546269351648,1.0,8.0
365,Coach & Horses,SE10 9HZ,51.481547,-0.009,0.9795134443021768,1.0,7.2
366,Kings Arms,SE10 9JH,51.480781,-0.008003,0.9573972762192992,1.0,7.1
367,The Ship,E14 3AG,51.487743,-0.01785,0.9682318705622164,1.0,7.4
368,Rose of Denmark,SE7 7AL,51.487224,0.026848,0.9796624374345244,1.0,7.7
369,Ashburnham Arms,SE10 8UH,51.475746,-0.015279,0.9453847049237574,1.0,7.1
370,The Royal Standard,SE3 7JQ,51.476802,0.018752,0.979541380514492,1.0,7.2
371,The Dacre Arms,SE13 5BU,51.461017,0.003367,0.9821906646490514,1.0,7.3
372,Fox & Firkin,SE13 6JZ,51.456978,-0.01409,0.9893702712140612,1.0,7.4
373,Ye Olde Rose & Crown Greenwich,SE10 8ER,51.479438,-0.007815,0.9313770224653708,1.0,6.5
374,The Yacht,SE10 9NP,51.484648,-0.003816,0.9468769642649284,1.0,6.4
375,The Crown,SE3 0BS,51.466605,0.007321,0.9665556978233034,1.0,6.9
376,The Walpole,SE14 6LA,51.476014,-0.033137,0.9132021883366314,1.0,6.9
377,The Ferry House,E14 3DT,51.48654,-0.013367,0.9663857525317192,1.0,6.5
378,The Gate Clock,SE10 9RB,51.481517,-0.010847,0.9905063438482132,1.0,6.4
379,The Observatory,SE10 0DY,51.503961,0.00357,0.9710185077406588,1.0,7.0
380,The Oystercatcher,SE10 9FR,51.482964,-0.014723,0.9429635665231056,1.0,6.4
381,Hardys Freehouse,SE10 9UW,51.483967,0.001441,0.92735420789198,1.0,6.2
382,Enderby House,SE10 0TH,51.490425,0.003124,0.9673705040158304,1.0,6.4
383,Anchor & Hope,SE7 7SS,51.493575,0.02862,0.9629775346292632,1.0,6.8
384,Suttons Radio,SE13 6AA,51.46032,-0.010774,0.8636130834594343,1.0,6.4
385,Admiral Hardy,SE10 9HY,51.481971,-0.009199,0.8663531602840182,1.0,5.6
387,The Brockley Barge,SE4 2RR,51.464126,-0.036442,0.9960121056920032,1.0,6.3
390,Spanish Galleon,SE10 9BL,51.481671,-0.009839,0.8850517983936678,1.0,5.2
391,The Amersham Arms,SE14 6TY,51.475719,-0.032494,0.9645349784658364,1.0,5.9
393,The Railway,SE3 9LE,51.465651,0.008934,0.9692631824001864,1.0,5.9
394,The Wickham Arms,SE4 1TF,51.468624,-0.032697,0.9562588755674544,1.0,6.0
396,The Lord Nelson,E14 3BD,51.487362,-0.013141,0.8469747410080316,1.0,5.2
397,The Watch House,SE13 6JP,51.459952,-0.01173,0.9347316959608892,1.0,5.9
398,Marquis of Granby,SE14 6AG,51.475564,-0.035881,0.9502828541496916,1.0,5.8
406,The Henry Addington,E14 4PH,51.50447,-0.022204,0.9768990804330112,1.0,5.8
408,The Tooke Arms,E14 8NH,51.498207,-0.025564,0.8495355604702596,1.0,5.6
413,O'Neill's,SE3 0BH,51.466742,0.007953,0.9117285531370038,1.0,5.3
415,The Ship York,SE16 5LJ,51.49872,-0.034495,0.8963915725759516,1.0,5.6
416,The Old Tigers Head,SE12 8RU,51.457491,0.009082,0.949342335001746,1.0,5.7
417,The Merchant,E14 4DH,51.506206,-0.022061,0.2110254917937376,1.0,5.6
421,The Moby Dick,SE16 7PL,51.495742,-0.03933,0.9783564195087884,1.0,5.4
422,The Fine Line,E14 4DH,51.505946,-0.021854,0.555129786986381,1.0,5.2
423,The Chesham Arms,E9 6DU,51.547589,-0.050124,0.9549505296240252,1.0,9.4
424,The Kenton,E9 7AB,51.54412,-0.04436,0.9577162146432312,3.0,8.5
425,The Hemingway,E9 7JL,51.537265,-0.048908,0.9561354906297288,2.0,8.3
426,The Cock Tavern,E8 1EJ,51.546271,-0.055325,0.9847398440228146,2.0,8.2
427,The Plough,E9 6JP,51.548187,-0.047651,0.9658712606215808,1.0,8.2
428,The Spread Eagle,E9 6AS,51.54861,-0.040705,0.9698707950180422,1.0,8.4
429,The Cat & Mutton,E8 4QJ,51.537473,-0.060963,0.9890047724362704,1.0,8.3
430,The Adam & Eve,E9 6AS,51.548897,-0.040347,0.9865254335932954,2.0,8.2
431,The Lauriston,E9 7JN,51.537868,-0.045151,0.9624281224537308,1.0,8.0
432,The Pembury Tavern,E8 1JH,51.549338,-0.059227,0.9864183447794204,2.0,8.1
433,Clapton Hart,E5 8EG,51.557694,-0.056147,0.9894633919217786,2.0,8.7
434,The Prince Arthur,E8 3BH,51.544183,-0.065576,0.963515306716331,1.0,8.2
435,The Kings Arms,E2 6EY,51.525615,-0.066083,0.9684739844022816,2.0,9.3
436,The People's Park Tavern,E9 7BT,51.541605,-0.037833,0.982944942381562,1.0,8.0
437,The Three Compasses,E8 1NH,51.548327,-0.068364,0.9700081480619251,1.0,8.3
438,The Palm Tree,E3 5BH,51.529167349999994,-0.040693115106250136,0.960675125130951,1.0,8.5
439,Star by Hackney Downs,E5 8NN,51.55308,-0.05777,0.9525480153649168,2.0,8.1
440,The Approach Tavern - Remarkable Restaurants,E2 9LY,51.531212,-0.051224,0.9667605633802816,1.0,8.2
441,The Scolt Head,N1 4HT,51.543346,-0.08157,0.9773879641485276,2.0,8.8
442,The Crown,E3 5SN,51.532945,-0.041649,0.9672028867419392,2.0,8.1
443,Bethnal Green Tavern,E2 0EA,51.52699,-0.058468,0.977767431032476,1.0,8.4
444,The Axe,N16 7HR,51.562816,-0.071902,0.97527179606565,1.0,9.1
445,Lady Mildmay,N1 4PR,51.550723,-0.084589,0.9836852520079152,1.0,8.9
446,The Dove,E8 4QJ,51.536524,-0.061634,0.9870259573972762,2.0,7.9
447,Hand of Glory,E8 2BS,51.55375,-0.06799,0.967070189733442,1.0,8.3
448,The Crooked Billet,E5 9JP,51.562077,-0.05723,0.9869142125480154,2.0,8.5
449,The Railway Tavern Ale House,N16 8JT,51.548916,-0.079184,0.9843627051565592,2.0,8.4
450,The Royal Oak,E2 7RG,51.52952,-0.069382,0.973458270282854,2.0,8.3
451,The Prince George,E8 3AG,51.544769,-0.068151,0.9693702712140612,1.0,7.9
452,Well & Bucket,E2 7DG,51.525392,-0.070982,0.9776370620416716,2.0,8.5
453,Howl at the Moon,N1 5LH,51.533098,-0.079843,0.9728855779303924,2.0,8.4
454,The Talbot,N1 4JY,51.542808,-0.07915,0.9668420439995344,2.0,8.2
455,The Camel,E2 0JD,51.528898,-0.052176,0.969132813409382,1.0,8.0
456,The George & Vulture,N1 6BU,51.52908,-0.083756,0.9786078454196252,2.0,8.5
457,Shacklewell Arms,E8 2EB,51.552351,-0.071409,0.9741590036084274,2.0,8.0
458,The Draft House Birdcage,E2 7QB,51.528425,-0.070874,0.9872401350250262,1.0,8.2
459,Bergen House,N16 9PX,51.55169,-0.085924,0.9596740775229892,1.0,8.2
460,The Snooty Fox,N5 2NN,51.549117,-0.09134,0.974352229076941,2.0,8.4
461,Auld Shillelagh,N16 0UD,51.561981,-0.07956,0.9738680013968106,1.0,8.1
462,Duke of Wellington,E8 4EP,51.540191,-0.074881,0.9638109649633336,1.0,7.6
463,The White Hart,N16 8EL,51.559027,-0.074396,0.9604725875916656,2.0,7.8
464,Angel & Crown,E2 0RY,51.529309,-0.045515,0.9854429053660808,1.0,7.5
465,Royal Inn on the Park,E9 7HJ,51.536709,-0.043293,0.9764846932836688,2.0,7.2
466,The Victoria,E8 3AS,51.54571,-0.070052,0.9854941217553254,1.0,7.4
467,The Tiger,E9 5DG,51.545334,-0.035466,0.9896729135141428,1.0,7.2
468,The Alma,N1 4QU,51.548417,-0.087735,0.9590874170643696,2.0,7.8
469,The Edinburgh Cellars,N1 4RA,51.550582,-0.086508,0.9706087766267024,1.0,7.8
470,The Coborn Arms,E3 2DA,51.527033,-0.030144,0.9332045163543244,1.0,7.6
471,Farr's School of Dancing,E8 3DF,51.546398,-0.073939,0.9765335816552204,1.0,7.4
472,The Princess of Wales,E5 9QB,51.561893,-0.045795,0.9790501687812828,1.0,7.6
473,Rusty Bike,E3 4PH,51.52525,-0.032513,0.9783890117564894,1.0,7.6
474,The Prince,N16 0AB,51.559989,-0.078209,0.9655918984984286,1.0,7.7
475,The Three Crowns,N16 0LH,51.562136,-0.073783,0.9704015830520312,1.0,7.5
476,The Shakespeare,N16 8RY,51.555497,-0.081863,0.9822092887905948,1.0,7.4
477,The Old Blue Last,EC2A 3ES,51.524328,-0.080055,0.9902781981143056,2.0,7.3
478,The Reliance,EC1V 9DR,51.526591,-0.081425,0.9497637062041672,2.0,6.9
479,Anchor & Hope,E5 9HG,51.567965,-0.052538,0.9637062041671516,1.0,6.8
480,The Hare,E2 9BU,51.533415,-0.057483,0.9796182050983588,1.0,6.3
481,The Half Moon,E1 4AA,51.522235,-0.04534,0.9829775346292632,1.0,6.5
482,The Little Driver,E3 2AN,51.527811,-0.022526,0.9898894191595856,1.0,6.5
483,Baxters Court,E8 1HE,51.5494943,-0.0549973,0.97307414736352,1.0,5.8
484,Carpenters Arms,E1 5RN,51.523085,-0.05517,0.9740565708299384,1.0,6.4
485,Royal Sovereign,E5 8RL,51.562671,-0.063192,0.9455127458968688,1.0,6.3
486,The Barley Mow,EC2A 3BX,51.526039,-0.080479,0.9582400186241417,1.0,6.4
487,Bricklayers Arms,EC2A 3PE,51.526171,-0.081131,0.9617692934466302,3.0,6.3
488,The Rochester Castle,N16 0NY,51.561097,-0.07405,0.9534559422651612,1.0,6.2
489,Bow Bells,E3 3AA,51.527999,-0.019573,0.9807635898032824,1.0,6.2
490,The Blind Beggar,E1 1BU,51.519975,-0.056973,0.9800768245838668,2.0,6.2
491,The Cow,E20 1GL,51.5421287,-0.008406,0.9937376324060064,2.0,6.2
493,Salmon & Ball,E2 0EA,51.527324,-0.055883,0.9438202770341054,1.0,5.1
495,The Andover Arms,W6 0DL,51.496998,-0.232748,0.9542847165638458,1.0,8.6
496,The Chancellors,W6 9RL,51.488556,-0.226965,0.9235781631940404,1.0,8.2
497,The Black Lion,W6 9TJ,51.490238,-0.241788,0.9509579792806424,1.0,8.2
498,The White Horse,SW6 4UL,51.474384,-0.200304,0.9849237574205564,2.0,8.8
499,The Jameson,W14 0HR,51.497232,-0.216306,0.9312629495984168,1.0,7.7
500,The Cross Keys,W6 9BG,51.492039,-0.24262,0.9327598649749738,1.0,7.8
501,The Fulham Mitre,SW6 7DU,51.479955,-0.202695,0.961208241182633,1.0,8.1
502,The Eagle,W12 9AZ,51.50069,-0.239396,0.9769852170876498,1.0,7.8
503,The Captain Cook,SW6 7QY,51.481087,-0.209699,0.9682155744383656,1.0,7.8
504,Elephant & Castle,W8 4LT,51.503067,-0.193444,0.9594063554883016,1.0,8.2
505,The Kings Head,SW5 0QT,51.493307,-0.192678,0.9623326737283204,1.0,8.1
506,The Half Moon,SW15 1EU,51.467285,-0.21998,0.9789849842858804,1.0,8.4
507,The Rutland,W6 9DJ,51.489811,-0.231332,0.98145966709347,1.0,7.4
508,The Builder's Arms,W8 5BJ,51.499354,-0.18837,0.9669374927249448,2.0,8.2
509,The Defectors Weld,W12 8AA,51.505349,-0.224392,0.9845303224304504,2.0,7.7
510,Mitre,W11 3QY,51.507812,-0.204213,0.969381911302526,1.0,7.9
511,The Windsor Castle,W8 7AR,51.506288,-0.198635,0.9686043533930858,3.0,7.9
512,The Raven,W6 0SA,51.495303,-0.244582,0.9640530788033989,1.0,7.5
513,Hollywood Arms,SW10 9HX,51.486182,-0.184181,0.96468862763357,1.0,8.0
514,The Devonshire Arms,W8 6LA,51.496827,-0.19265,0.9829053660807822,1.0,7.7
515,The Mall Tavern,W8 4RU,51.50867,-0.193984,0.966432312885578,2.0,7.9
516,The Blackbird,SW5 9AN,51.491865,-0.192271,0.9907787219182864,1.0,7.7
517,The Duchess of Cambridge,W6 0XF,51.498584,-0.243877,0.9743661971830986,1.0,7.5
518,Fox & Pheasant,SW10 9UJ,51.481956,-0.187751,0.9492538703294146,1.0,7.9
519,The Tommy Tucker,SW6 2DR,51.478848,-0.192838,0.9701501571411942,1.0,7.8
520,The Rose,SW6 2AF,51.476892,-0.189539,0.962914678151554,1.0,7.8
521,The Hillgate,W8 7SR,51.507903,-0.197655,0.9465044814340589,1.0,7.7
522,The Champion,W2 4LW,51.509991,-0.192358,0.9736701198929112,2.0,7.8
523,The Atlas,SW6 1RX,51.486058,-0.196066,0.9695751367710396,1.0,7.4
524,The Duke of Wellington,W11 2ED,51.515251,-0.204831,0.978931439878943,2.0,7.7
525,The Bricklayer's Arms,SW15 1DD,51.46612,-0.217116,0.9609358631125596,1.0,7.7
526,The Bull's Head,SW13 9PY,51.473719,-0.251053,0.937194738680014,1.0,7.7
527,The Coach & Horses,SW13 9LW,51.473549,-0.250057,0.9679012920498196,1.0,7.7
528,The Elgin,W11 1PY,51.516247,-0.208991,0.976133162612036,2.0,7.6
529,Duke on the Green,SW6 4XG,51.472633,-0.199534,0.971013851705273,1.0,7.6
530,Warwick Arms,W14 8PS,51.495253,-0.203128,0.983582819229426,1.0,7.1
531,The Dukes Head,SW15 1JN,51.467371,-0.216999,0.9744034454661856,1.0,7.5
532,The Dartmouth Castle,W6 0LS,51.49455,-0.227271,0.9631707600977768,1.0,6.7
533,The Albion,W14 0QL,51.49442,-0.21279,0.9091933418693982,1.0,6.8
534,The Swan,W6 0DZ,51.49309,-0.224951,0.9774997089977884,2.0,6.5
535,The Duke of Clarence,SW5 0BE,51.490911,-0.182595,0.925226399720638,1.0,7.4
536,The Castle,W11 4UA,51.506922,-0.207043,0.9480246769875452,1.0,7.1
537,The Eight Bells,SW6 3JS,51.468072,-0.210168,0.9410080316610406,1.0,7.3
538,The Old City Arms,W6 9DA,51.489439,-0.228902,0.9392480502851822,1.0,6.6
539,The Goose,SW6 1NL,51.485,-0.202476,0.9814061226865324,1.0,7.0
540,The Kings Arms,SW6 4RN,51.469109,-0.209998,0.9631102316377604,1.0,7.2
541,The Prince Albert,W11 3HQ,51.509534,-0.19749,0.9723175416133164,1.0,7.2
542,The Sun Inn,SW13 9HE,51.473637,-0.247075,0.9317401932254684,1.0,7.2
543,The George & Devonshire,W4 2QE,51.486394,-0.252081,0.9454592014899312,1.0,7.0
544,The Crown,W4 1PD,51.492774,-0.256828,0.9484413921545805,1.0,7.0
545,The Lamb,W4 4PH,51.491775,-0.261921,0.9695076242579443,1.0,7.1
546,The William Morris,W6 0QA,51.493068,-0.225422,0.9900523803980912,1.0,6.3
547,The Tabard,W4 1LW,51.495816,-0.254684,0.9727645210103596,1.0,6.9
548,The Sindercombe Social,W12 8QD,51.5032,-0.224045,0.9619089745082062,2.0,6.5
549,Famous Three Kings,W14 9NL,51.490654,-0.206557,0.9805866604586196,2.0,6.4
550,The Stanhope Arms,SW7 4SS,51.494178,-0.18217,0.9950762425794436,1.0,6.8
551,McGettigan's Fulham,SW6,51.479888,-0.196053,0.9551437550925388,1.0,6.7
552,The Spencer Arms,SW15 1HJ,51.468255,-0.228088,0.9663042719124664,1.0,6.8
553,The Bull,W12 7GB,51.506427,-0.219891,0.9716284483762077,2.0,6.5
554,The Salutation,W6 0QU,51.49281,-0.233179,0.962416482365266,1.0,6.1
555,The Hansom Cab,W8 6EG,51.496289,-0.197188,0.901559771854266,1.0,6.5
556,The Bolton,SW5 9BQ,51.489676,-0.190486,0.9835548830171108,1.0,6.6
557,The Plough & Harrow,W6 0QU,51.492787,-0.231361,0.9850331742521244,1.0,6.0
558,Prince of Teck,SW5 9RQ,51.492869,-0.193951,0.9584984285880572,2.0,6.5
559,Packhorse & Talbot,W4 2DT,51.492547,-0.254768,0.9562937958328483,1.0,6.4
561,Old Swan,W8 4DP,51.508947,-0.195007,0.9833104411593528,1.0,6.3
562,Duke of Cornwall,W6 9PH,51.490441,-0.223717,0.9627517169130484,1.0,5.2
563,The Pavilion,W12 0HQ,51.518829,-0.227764,0.9598021184961004,1.0,6.3
564,The Castle,W11 1LU,51.516616,-0.205744,0.9316819927831452,1.0,6.3
566,Earl of Lonsdale,W11 2QA,51.513457,-0.202713,0.9698149225934116,1.0,6.2
567,The Hand & Flower,SW6 2ES,51.477637,-0.18982,0.8974880689093238,1.0,6.2
568,The Goat,W8 5NP,51.502137,-0.187872,0.9760121056920033,1.0,6.1
571,Gloucester Arms, SW7,51.498752,-0.183882,0.9603771388662554,1.0,5.9
575,Aragon House,SW6 4XG,51.472542,-0.200321,0.9391200093120708,1.0,5.6
578,Prince of Wales,W8 4EP,51.502326,-0.19078,0.9536561517867536,1.0,5.4
579,Oyster Rooms,SW6 1AA,51.48028,-0.194625,0.9879455243859854,1.0,5.3
581,Greyhound,W8 5EP,51.500979,-0.189491,0.959248050285182,1.0,5.2
582,Small Beer,N8 8PT,51.580374,-0.123084,0.9498195786287976,1.0,8.6
583,The Salisbury Hotel,N4 1JX,51.58205,-0.099412,0.9856058666045862,1.0,8.1
584,Antwerp Arms,N17 8AS,51.601866,-0.074851,0.9749365615178676,1.0,8.2
585,The Mossy Well,N10 3SH,51.590872,-0.141728,0.965722267489233,1.0,8.1
586,The Westbury,N22 6SA,51.593561,-0.098263,0.9820137353043884,1.0,7.6
587,The Kings Head,N8 8AA,51.578209,-0.124311,0.9484227680130368,2.0,7.9
588,The Maid of Muswell,N10 2DP,51.598682,-0.138805,0.9545128622977536,1.0,7.6
589,Ye Olde Cherry Tree,N14 6EN,51.625193,-0.124021,0.9564846932836688,1.0,7.7
590,The Park Inn,N22 7BN,51.598882,-0.122629,0.932545687347224,1.0,7.0
591,The Ranelagh,N11 2EU,51.608727,-0.127178,0.984230008148062,1.0,7.2
592,Three Compasses,N8 7NX,51.58744,-0.118687,0.973786520777558,1.0,7.2
593,"Ortak√∂y, Shisha Lounge Bar",N22 6UP,51.594699,-0.112428,0.9260551740193226,1.0,6.7
594,The Duke of Edinburgh,N22 6UP,51.594746,-0.112583,0.8782213944825981,1.0,6.7
595,Earl Haig Hall,N8 9TH,51.580708,-0.121688,0.5939704341752997,1.0,7.1
596,Spouter's Corner,N22 6EJ,51.596748,-0.108977,0.993071819345827,1.0,6.5
597,The Famous Royal Oak,N10 3QY,51.588349,-0.141338,0.913886625538354,1.0,7.0
598,The Old Ale Emporium,N4 1EU,51.578009,-0.099125,0.9763659643813292,1.0,7.0
599,Victoria Stakes,N10 3TH,51.587429,-0.134285,0.944972645792108,1.0,6.7
600,The Tollgate,N8 0PS,51.589934,-0.105519,0.9634850424863228,1.0,6.5
601,The Gate,N22 7SS,51.59837,-0.119638,0.9653590967291352,1.0,6.2
602,The Alex,N8 8JP,51.582767,-0.127495,0.982162728436736,1.0,6.7
603,The Alfred Herring,N13 5TT,51.619207,-0.107114,0.943552554999418,1.0,6.6
604,The Springfield Bar & Grill,N11 2PP,51.605573,-0.122862,0.9442067279711326,1.0,6.0
605,Railway Tavern,N8 8DH,51.57761,-0.1244,0.9442369922011408,1.0,6.5
606,Maynard Arms Crouch End,N8 8SX,51.581745,-0.126192,0.9700291002211616,2.0,6.4
611,Kiss the Sky,N8 8TD,51.580741,-0.124511,0.8638971016179723,1.0,6.1
616,The Fox,N13 4JD,51.620473,-0.106617,0.9174927249447096,1.0,5.7
618,Inn on the Green,N13 4XS,51.617262,-0.109494,0.9065207775579094,1.0,5.3
620,The Fountain,N15 5DE,51.585068,-0.079415,0.9851984635083226,1.0,5.8
630,Duck in the Pond,HA3 6AA,51.604381,-0.327522,0.993251076708183,1.0,7.6
631,Kingsfield Arms,HA1 3DF,51.575116,-0.343222,0.9314910953323244,1.0,7.5
632,The Castle,HA1 3EF,51.57208825,-0.3399507827906979,0.9656687230822956,1.0,7.3
633,O'Neill's,HA1 2AA,51.580578,-0.334227,0.9633057851239668,1.0,6.9
637,The Junction,HA1 2DH,51.579576,-0.33254,0.9648073565359097,1.0,6.0
638,The Moon & Sixpence,HA5 4HS,51.608274,-0.373095,0.9798766150622744,1.0,6.1
639,Royal Oak,HA1 1JP,51.581653,-0.337798,0.9816109882435108,1.0,5.8
640,Travellers Rest,HA3 8AT,51.582649,-0.316822,0.9670050052380398,1.0,5.9
645,The New Moon,HA3 8DN,51.587315,-0.303992,0.9527645210103596,1.0,5.7
648,Moon on the Hill,HA1 2AW,51.579499,-0.334146,0.9880572692352462,1.0,5.0
649,The Drapers Arms,N1 1ER,51.540551,-0.108377,0.9647724362705156,2.0,8.6
650,The Queens Head,WC1X 9NB,51.528468,-0.118296,0.9712117332091724,2.0,8.4
651,The Compton Arms,N1 2XD,51.543642,-0.10228,0.9527249447095798,1.0,8.4
652,Hemingford Arms Islington,N1 1DF,51.543038,-0.113094,0.9500779885927132,1.0,7.9
653,King ' S Head Theatre Pub,N1 1QN,51.538329,-0.102583,0.977553253404726,1.0,8.1
654,The Harrison,WC1H 8JF,51.527499,-0.120534,0.960994063554883,2.0,7.9
655,The Duchess of Kent,N7 8PR,51.546214,-0.108686,0.9646164590850892,1.0,7.8
656,The Owl & Hitchhiker,N7 6LE,51.560451,-0.123665,0.9657292515423116,1.0,7.7
657,The Fellow,N1 9AA,51.531366,-0.122304,0.983163776044698,2.0,7.5
658,Brewhouse & Kitchen,N5 1JJ,51.546265,-0.101691,0.9728110813642185,1.0,7.8
659,The George and Monkey,EC1R 1UU,51.529867,-0.11036,0.9653358165522058,1.0,7.6
660,The Landseer,N19 4JU,51.562804,-0.123057,0.9837457804679316,1.0,7.4
661,The Lucas Arms,WC1X 8QY,51.528462,-0.119581,0.9510185077406588,1.0,7.4
662,The Tollington,N7 6DN,51.557544,-0.112785,0.98671167500873,1.0,7.4
663,The Scottish Stores,N1 9DU,51.531003,-0.120784,0.984160167617274,1.0,7.3
664,Union Tavern,WC1X 9AA,51.526639,-0.113362,0.9626935164707252,1.0,7.4
665,The Lamb,WC1N 3LZ,51.52308,-0.119008,0.9666138982656268,1.0,7.3
666,The Crown & Sceptre,W1W 6SD,51.519319,-0.140713,0.9694890001164008,2.0,6.9
667,The Castle,N1 9HF,51.531977,-0.109015,0.9596042369922012,2.0,6.8
668,The Coronet,N7 6NJ,51.555575,-0.115634,0.9847002677220348,1.0,6.3
669,McGlynns,WC1H 8ET,51.528511,-0.123216,0.9643417529973228,1.0,6.3
671,The Rising Sun,W1T 2EL,51.519236,-0.133161,0.9856989873123037,1.0,5.6
672,The Angel,N1 9LQ,51.53215,-0.106436,0.986825747875684,1.0,5.4
673,The White Swan,N1 1RY,51.545644,-0.103444,0.9850750785705972,1.0,5.3
674,The General Elliott,UB8 2UR,51.542912,-0.488453,0.9132045163543244,1.0,7.6
675,Queens Head Uxbridge,UB8 1AB,51.545944,-0.479655,0.9339564660691422,1.0,7.2
676,The Malt Shovel,UB8 2JE,51.529776,-0.485626,0.9804725875916656,1.0,7.0
677,Swan & Bottle,UB8 1LZ,51.550784,-0.484815,0.9713258060761262,1.0,6.5
679,Carpenters Arms Hayes,UB4 8JJ,51.526587,-0.437838,0.8755208939587941,1.0,6.2
680,Locos,UB8 3PH,51.533338,-0.473759,0.9235362588755676,1.0,6.0
682,The Good Yarn,UB8 1JX,51.547787,-0.480747,0.990476079618205,1.0,5.9
685,Fig Tree,UB8 1AB,51.54553,-0.480363,0.9365428937259924,1.0,5.8
693,The Metropolitan,UB8 1AB,51.54553,-0.480363,0.9190338726574322,1.0,5.4
696,The Tichenham Inn,UB10 8DF,51.564438,-0.444744,0.9598184146199512,1.0,5.4
699,The Sussex Arms,TW2 5BG,51.44404,-0.345864,0.9849447095797929,1.0,8.8
700,Moon Under Water,TW3 3LF,51.467014,-0.369367,0.9721499243394248,1.0,7.4
701,The Turks Head,TW1 1LF,51.456519,-0.323052,0.9828169014084508,1.0,8.3
702,The Admiral Nelson,TW2 7BB,51.453089,-0.358166,0.9563194040274706,1.0,7.5
703,The London Apprentice,TW7 6BG,51.471303,-0.320904,0.9676987545105344,1.0,7.9
704,The Royal Oak,TW7 6EP,51.467222,-0.339299,0.982456058666046,1.0,6.8
705,The Rising Sun,TW7 5AQ,51.475867,-0.331885,0.9162984518682342,1.0,6.8
706,Ailsa Tavern,TW1 1NJ,51.46053,-0.323012,0.9553579327202888,1.0,6.8
707,The Plough Inn,UB2 4LG,51.494919,-0.365912,0.984588522872774,1.0,6.6
714,The Bulstrode pub,TW3 1JG,51.470823,-0.366796,0.9669910371318822,1.0,5.1
719,The Red Lion,TW7 6QJ,51.473544,-0.33402,0.9211267605633804,1.0,5.6
721,The Albany,TW1 4EZ,51.449089,-0.332202,0.9515236875800256,1.0,5.9
724,Town Wharf,TW7 6RJ,51.469281,-0.322399,0.9561331626120358,1.0,5.7
731,The Swan Inn,TW7 6XA,51.46893,-0.324076,0.884011174484926,1.0,5.4
732,The Canonbury Tavern,N1 2NS,51.544722,-0.097591,0.9757816319404028,1.0,8.0
733,Clissold Park Tavern,N16 9DB,51.557833200000005,-0.09078437687827721,0.9861203585147248,1.0,8.8
734,The Woodbine,N5 2LL,51.559551,-0.098456,0.9661925270632056,1.0,8.0
735,Bank of Friendship,N5 1EA,51.558456,-0.098756,0.9796833895937608,1.0,8.0
736,Commercial Tavern,E1 6NU,51.521609,-0.075667,0.9822279129321384,2.0,8.0
737,The Brownswood,N4 2EX,51.563975,-0.092735,0.9883925037830288,2.0,7.7
738,Edgar Wallace,WC2R 3JE,51.512708,-0.112861,0.987282039343499,1.0,7.8
739,The Crown Tavern,EC1R 0EG,51.523174,-0.105212,0.973816785007566,2.0,7.3
740,Museum Tavern,WC1B 3BA,51.518223,-0.125809,0.965473169596089,1.0,6.9
741,Sekforde Arms,EC1R 0HA,51.52424,-0.10438,0.964011174484926,1.0,6.2
742,The Old Crown,WC1A 1BH,51.516906,-0.125053,0.9870562216272843,2.0,6.5
743,Lord Raglan,EC1A 4ER,51.516534,-0.096705,0.9717099289954604,3.0,5.9
744,Golden Fleece London Ec4,EC4N 1SP,51.513263,-0.09256,0.9666860668141076,1.0,6.0
745,The Masque Haunt,EC1V 9BP,51.525094,-0.090488,0.9818042137120242,1.0,5.5
747,The Phoenix,SW3 4EE,51.488749,-0.16285,0.9658060761261784,1.0,8.2
748,The Surprise,SW3 4AJ,51.486266,-0.162709,0.953963450122221,1.0,7.9
749,The Enterprise,SW3 2HU,51.495209,-0.165887,0.9828378535676872,1.0,8.2
750,The Woodman,SW11 3HX,51.473515,-0.17383,0.9633663135839832,1.0,8.4
751,The Sands End,SW6 2PR,51.471154,-0.187251,0.968422768013037,1.0,8.9
752,The Prince Albert,SW11 4PF,51.47984,-0.165875,0.9763682923990222,1.0,7.8
753,The Queen's Arms,SW7 5QL,51.499377,-0.180939,0.9834757304155513,3.0,8.1
754,The Ship,SW18 1TB,51.463534,-0.188116,0.9683552554999418,3.0,8.4
755,The Bunch of Grapes,SW3 1LA,51.497592,-0.167005,0.9945803748108486,1.0,7.4
756,Leinster Arms,W2 3EU,51.511416,-0.1827,0.9737329763706204,1.0,8.1
757,Coach & Horses,W1J 5LD,51.509055,-0.147408,0.9674356885112328,1.0,8.0
758,The Waterside,SW6 2SU,51.473405,-0.181951,0.9482528227214528,1.0,7.6
759,The Antelope,SW1W 8EZ,51.494014,-0.155534,0.9569479688045628,1.0,7.3
760,The Sydney Arms, Sw3,51.488642,-0.169781,0.9468350599464556,1.0,6.8
761,The Swan,W2 3PH,51.511629,-0.176984,0.98606914212548,1.0,7.7
762,The White Ferry House,SW1V 4LD,51.489015,-0.146668,0.9602910022116168,1.0,7.3
763,Buckingham Arms,SW1H 9EU,51.499165,-0.136659,0.9808497264579212,1.0,7.6
764,The Punch Bowl,W1J 5RP,51.509121,-0.149474,0.9614969153765568,1.0,7.5
765,The Mitre,W2 3QH,51.512367,-0.178551,0.9429961587708068,1.0,7.5
766,Chelsea Potter,SW3 4PL,51.488446,-0.165872,0.9784285880572692,1.0,6.5
767,The Albert,SW1H 0NP,51.497703,-0.135533,0.9988196950296824,1.0,7.0
768,The Gloucester,SW1X 9QR,51.499942,-0.159535,0.9931672680712372,1.0,6.7
769,Bag O'Nails,SW1W 0PP,51.498007,-0.144138,0.9885834012338494,1.0,6.7
770,The Waterfront,SW18 1TS,51.464356,-0.185605,0.9544872541031312,1.0,6.8
771,The Junction,SW11 1SA,51.463308,-0.169861,0.9751530671633104,1.0,6.7
772,The Falcon,SW11 1RU,51.463824,-0.168084,0.9807519497148178,2.0,6.6
773,The London and South Western,SW11 1LJ,51.46402,-0.16766,0.9875916656966592,1.0,6.6
774,The Feathers,SW1H 0BH,51.499229,-0.132958,0.9819974391805376,1.0,6.6
775,The Gallery,SW1V 3AS,51.488724,-0.134304,0.9912932138284252,1.0,6.4
776,The Northcote,SW11 1NT,51.460623,-0.167097,0.9651425910836924,1.0,6.6
777,Shepherds Tavern Mayfair,W1J 7SS,51.506238,-0.14747,0.9796298451868234,1.0,6.4
778,Shakespeare,SW1W 0RP,51.49635,-0.144869,0.9956116866488184,2.0,6.2
779,Two Chairmen,SW1H 9BP,51.50048,-0.131648,0.9729111861250146,1.0,6.4
780,The Clarence,W1S 4LB,51.507819,-0.141382,0.9871702944942382,1.0,6.4
782,Zetland Arms,SW7 3EX,51.493446,-0.175839,0.9727971132580608,1.0,5.7
783,Morpeth Arms,SW1P 4RW,51.489307,-0.128732,0.9517820975439414,1.0,6.3
784,The White Swan,SW1V 2SA,51.489887,-0.131401,0.9797252939122336,1.0,6.2
785,The Victoria,SW1W 0NR,51.495591,-0.146063,0.9888650913746944,1.0,6.0
786,Hoop & Toy,SW7 2HQ,51.494711,-0.174247,0.977017809335351,1.0,5.6
787,Travellers Tavern,SW1W 9RB,51.492968,-0.148937,0.9895122802933304,1.0,5.7
788,The Willow Walk,SW1V 1LW,51.495111,-0.142417,0.9962425794436036,1.0,5.8
789,Brass Monkey,SW1V 1AU,51.494376,-0.140758,0.9650401583052032,1.0,5.8
790,The Old Star,SW1H 0DB,51.4999,-0.133649,0.9957956000465604,1.0,5.8
791,The Barley Mow,SW1P 2EE,51.495014,-0.131673,0.985929461063904,1.0,5.7
792,Greencoat Boy,SW1P 1PJ,51.496337,-0.135813,0.9832941450355024,1.0,5.4
793,The Ram,KT1 1HL,51.407998,-0.307852,0.9747968804562914,1.0,8.4
794,The Grey Horse,KT2 5EE,51.414203,-0.300544,0.9651286229775348,1.0,8.7
795,Woody's,KT1 1HH,51.408361,-0.308181,0.9410382958910488,1.0,8.1
796,The Antelope,KT6 4AW,51.395155,-0.307821,0.9729554184611804,1.0,8.9
797,The Foresters,KT1 4DG,51.41405,-0.312708,0.9376812943778372,1.0,7.6
798,The Boaters Inn,KT2 5AU,51.418664,-0.30581,0.9626190199045512,1.0,7.6
799,The Mute Swan,KT8 9BN,51.404703,-0.3423,0.9418042137120242,1.0,8.3
800,The Lamb,KT6 5NF,51.392002,-0.311366,0.9657432196484692,1.0,8.0
801,The Cocoanut,KT1 2RF,51.406828,-0.298407,0.9160609940635548,1.0,7.3
802,The Wych Elm,KT2 6HT,51.417169,-0.294091,0.9329530904434874,1.0,7.4
803,Prince of Wales East Molesey,KT8 9EU,51.402698,-0.344513,0.9522546419098143,1.0,8.0
804,La Cloche at the Lion,TW11 9DN,51.418003,-0.318373,0.9527179606565008,1.0,7.3
805,The Adelaide,TW11 0AU,51.423666,-0.334627,0.9017157490396926,1.0,7.8
806,The Cardinal,KT2 5QG,51.426511,-0.298151,0.6736002793621232,1.0,7.4
807,The Kingston Mill,KT1 1HN,51.407007,-0.308175,0.8987172622511931,1.0,6.7
808,The Limping Fox,KT7 0UX,51.386031,-0.323829,0.9908256880733946,1.0,7.5
809,The Masons Arms,TW11 8PJ,51.426705,-0.339017,0.9394133395413804,1.0,7.5
810,Druids Head,KT1 1JT,51.409151,-0.306425,0.9754580374810848,1.0,6.5
811,Ye Olde Swan,KT7 0QQ,51.392906,-0.331848,0.8776758409785933,1.0,7.3
812,George & Dragon,KT7 0RY,51.389848,-0.333415,0.944954128440367,1.0,7.3
813,Prince of Wales,KT6 6AL,51.389519,-0.297773,0.9695774647887324,1.0,7.1
814,Willoughby Arms,KT2 6LN,51.415426,-0.292033,0.9329461063904084,1.0,6.7
815,The New Inn,TW10 7DB,51.436199,-0.305113,0.9409754394133396,1.0,7.2
816,The Cricketers,KT1 2UL,51.407563,-0.297781,0.8472028867419392,1.0,6.4
817,The Swan,KT1 4DB,51.412624,-0.310824,0.9507950180421372,1.0,6.3
818,The Railway Pub,TW11 0BB,51.424276,-0.332793,0.9168920963799324,1.0,6.9
819,Teddington Arms Teddington,TW11 8EW,51.427043,-0.332043,0.9155465021534164,1.0,6.9
820,Harts Boatyard,KT6 4ES,51.397012,-0.312004,0.9568501920614596,1.0,6.5
821,The Berrylands,KT5 8LS,51.398264,-0.28044,0.926397392620184,1.0,6.7
822,Tide End Cottage,TW11 9NN,51.429379,-0.32295,0.9119147945524386,1.0,6.8
823,The Queens Head,KT2 5HA,51.418659,-0.301423,0.9544919101385172,1.0,6.3
824,The Kings Tun,KT1 1QT,51.41143,-0.300753,0.988420439995344,2.0,6.1
825,The Spring Grove,KT1 2SF,51.403301,-0.299619,0.9419601908974508,1.0,6.2
826,O'Neill's,KT1 1BQ,51.409136,-0.305611,0.9255383540914912,1.0,5.8
827,The Albion,KT8 9HA,51.402372,-0.344526,0.9018567639257294,1.0,6.6
828,Royal Oak,KT6 7AA,51.385261,-0.294952,0.9493563031079036,1.0,6.5
829,The Surbiton Flyer,KT6 4NS,51.392693,-0.304916,0.9544174135723432,1.0,6.2
830,The Victoria,KT6 4JT,51.392151,-0.307162,0.9787847747642882,1.0,6.2
831,The Gazebo,KT1 1QN,51.410669,-0.307521,0.9128529856826912,1.0,5.4
832,Bacchus,KT1 1RP,51.409638,-0.305308,0.91570015132115,1.0,5.3
835,Waggon & Horses,KT6 4TW,51.399021,-0.301834,0.9748667209870796,1.0,5.8
840,The Hand & Flower,TW10 5LA,51.432227,-0.306594,0.9183052031195436,1.0,6.1
842,Park Tavern,KT2 6AP,51.419479,-0.287759,0.8973204516354324,1.0,5.6
844,The Hogarth,TW11 8QY,51.425837,-0.336795,0.9366476545221744,1.0,5.9
846,Black Lion,KT6 5PL,51.391936,-0.310492,0.8042813455657493,1.0,5.6
847,Coronation Hall,KT6 4LQ,51.393786,-0.303618,0.9673053195204284,1.0,5.4
858,The Kings Arms,SE1 8TB,51.504593,-0.109372,0.9798160866022582,2.0,8.5
859,The Old Red Lion,SE11 4RS,51.489365,-0.105265,0.9882225584914446,2.0,9.0
860,The Black Dog,SE11 5ER,51.488749,-0.120925,0.9708695146083112,2.0,8.2
861,Ship & Shovel,WC2N 5PH,51.50756,-0.124782,0.9793318589221278,1.0,7.7
862,The Crown & Cushion,SE1 7HR,51.499309,-0.113683,0.9779257362355954,1.0,7.4
863,Coach & Horses,W1J 6PT,51.510941,-0.144064,0.9941077872191828,1.0,8.0
864,The Windmill,W1S 2AZ,51.512479,-0.142397,0.9842928646257711,1.0,7.9
865,The Toucan,W1D 3BY,51.515128,-0.133094,0.9703503666627866,1.0,7.7
866,The Duchy Arms,SE11 5UG,51.489157,-0.114453,0.978510068676522,1.0,7.4
867,The Rose,SE1 7TL,51.489698,-0.122637,0.9839669421487603,1.0,7.0
868,The Chandos,WC2N 4ER,51.509578,-0.12676,0.9906274007682458,2.0,6.9
869,The Clachan,W1B 5QH,51.513555,-0.140186,0.988704458153882,3.0,7.1
870,Old Coffee House,W1F 9SF,51.512552,-0.137315,0.97350250261902,2.0,6.9
871,The Marquis,WC2N 4HS,51.509793,-0.125622,0.976203003142824,1.0,6.6
872,Argyll Arms,W1F 7TP,51.515018,-0.141312,0.9904295192643464,1.0,6.9
873,The Kings Head,W1S 4RX,51.508693,-0.141218,0.9721336282155744,1.0,6.8
874,The White Hart,WC2B 5QD,51.5145112,-0.1219002,0.9751181468979164,1.0,6.6
875,Westminster Arms,SW1P 3AT,51.500567,-0.129764,0.9876940984751484,1.0,6.3
876,The Blue Posts,W1T 3ET,51.516966,-0.135457,0.9735513909905716,1.0,6.5
877,Blue Posts,W1B 5PX,51.512884,-0.139495,0.9859364451169828,1.0,6.4
878,Glassblower,W1B 5JY,51.510567,-0.136965,0.9773530438831336,1.0,5.9
879,The Rockingham Arms,SE1 6BN,51.49595,-0.099705,0.9856081946222792,1.0,5.7
880,Ladywell Tavern,SE13 7HS,51.456374,-0.021407,0.9768082877429868,1.0,8.0
881,The Ivy House,SE15 3BE,51.458219,-0.052017,0.9741892678384356,1.0,8.7
882,Skehans Freehouse,SE14 5TW,51.467481,-0.0494,0.9709603072983356,1.0,8.4
883,Blythe Hill Tavern,SE23 1JB,51.4423194,-0.033722,0.9629938307531136,1.0,8.4
884,Catford Bridge Tavern,SE6 4RE,51.444608,-0.024363,0.9563333721336282,1.0,7.9
885,The Waverley Arms,SE15 3BU,51.461315,-0.047024,0.9878803398905832,1.0,7.9
886,Ninth Life,SE6 4BD,51.445213,-0.019424,0.9831381678500756,1.0,7.6
887,Brockley Jack,SE4 2DH,51.45343,-0.03847,0.960926551041788,1.0,7.3
888,Jolly Farmers,SE13 6LE,51.45533,-0.015825,0.8959795134443022,1.0,6.2
889,Edmund Halley,SE12 8RG,51.455454,0.011864,0.9818531020835758,1.0,6.4
891,The Crown,SE12 0AJ,51.443711,0.01769,0.9773088115469678,1.0,6.3
894,The London & Rye,SE6 4AF,51.447563,-0.017719,0.9849423815621,1.0,5.0
896,The Charles Holden,SW19 2BH,51.417956,-0.178677,0.9801722733092773,1.0,8.5
897,The Sultan,SW19 1BT,51.418561,-0.18535,0.9854033290653008,1.0,8.1
898,The Garden Shed,SW19 1AN,51.420277,-0.186872,0.9597346059830054,1.0,7.9
899,Manor Bar & Grill,SW17 0SF,51.423848,-0.172001,0.9700430683273192,1.0,8.1
900,The Crooked Billet,SW19 4RQ,51.421481,-0.227747,0.9653381445698987,2.0,8.8
901,Hand in Hand,SW19 4RQ,51.421606,-0.227397,0.945047142358282,1.0,8.7
902,The Castle,SW17 0RG,51.428772,-0.167465,0.9738936095914328,1.0,8.2
903,The Antelope,SW17 9NG,51.425982,-0.165772,0.9713514142707484,2.0,8.0
904,The Trafalgar Arms,SW17 0RT,51.424963,-0.171326,0.9658922127808172,1.0,7.8
905,Dog & Fox,SW19 5EA,51.425105,-0.2176,0.9577464788732394,3.0,8.0
906,The Selkirk,SW17 0ES,51.430251,-0.169403,0.9605889884763124,1.0,7.8
907,Gorringe Park,SW17 9JR,51.419349,-0.161744,0.9632243045047142,1.0,7.5
908,Graveney and Meadow,SW17 9NA,51.426957,-0.166918,0.912752880921895,2.0,7.6
909,The Alexandra,SW19 7NE,51.421982,-0.208058,0.9800814806192528,2.0,7.3
910,Hand & Racquet,SW19 7NE,51.421828,-0.207877,0.9567244791060412,1.0,7.3
911,The Loft,SW19 7NE,51.42188,-0.207937,0.193746944476778,1.0,7.1
912,The Trafalgar,SW19 2JY,51.413675,-0.189038,0.8700477243627052,1.0,6.2
913,Leather Bottle,SW17 0NY,51.436893,-0.187055,0.9590967291351414,1.0,7.0
914,Ganleys Irish Bar,SM4 5HP,51.402421,-0.193378,0.9895052962402514,1.0,6.5
915,Prince of Wales,SW19 3TA,51.420499,-0.206212,0.9831661040623908,1.0,6.6
916,Leather Bottle,SW19 3NW,51.411214,-0.208993,0.9374135723431498,1.0,6.5
917,The Garratt & Gauge,SW19 3TA,51.420182,-0.206038,0.9433546734955186,1.0,6.2
919,J J Moons,SW17 0RN,51.427802,-0.168509,0.9885764171807706,1.0,6.2
920,Wibbas Down Inn,SW19 1QT,51.418994,-0.202551,0.9822325689675242,1.0,5.9
922,The Edward Rayne,SW20 8ND,51.409781,-0.228875,0.8851006867652195,1.0,6.1
924,O'Neill's,SW19 1RQ,51.419803,-0.20261,0.8679525084390641,1.0,5.6
929,The Swan,SW19 4SU,51.420737,-0.220607,0.9527039925503434,1.0,5.7
935,Raynes Park Tavern,SW20 0LA,51.409584,-0.230731,0.942206960772902,1.0,5.3
936,The Woodman,SW19 8DR,51.433656,-0.195965,0.9527784891165172,1.0,5.1
937,The Black Lion,E13 0AD,51.531054,0.02066,0.9691258293563032,1.0,7.8
938,The Galvanisers Union,E3 3LL,51.523134,-0.012377,0.9868723082295424,1.0,8.9
939,Forest Tavern,E7 9BB,51.549327,0.022027,0.9285089046676754,1.0,8.3
940,Loading Bar,E15 4PH,51.539999,0.00323,0.900353858689326,1.0,8.1
941,The Millers Well,E6 2JX,51.53347,0.056565,0.9962542195320684,1.0,7.9
942,Boleyn Tavern,E6 1PW,51.530377,0.038101,0.9840065184495402,1.0,7.2
943,Golden Fleece,E12 5DB,51.554814,0.042054,0.962556163426842,1.0,6.9
944,Cart and Horses,E15 1PF,51.545827,0.004225,0.919152601559772,1.0,6.7
945,The Holly Tree,E7 0DZ,51.555848,0.020425,0.946292631824002,1.0,6.6
946,The Bat and Ball,E20 1EJ,51.5425649,-0.00693080308689057,0.9906111046443952,1.0,6.5
947,Fox at Connaught,E16 1JR,51.508709,0.039416,0.9670213013618904,1.0,6.4
948,King Edward VII,E15 4BQ,51.54106,0.002778,0.9569130485391688,1.0,6.3
950,The Abbey Tap,E15 4QS,51.540283,-7.7e-05,0.9743405889884764,1.0,6.3
951,The Goldengrove,E15 1NS,51.544258,0.004182,0.9905366080782214,1.0,6.2
954,The Queens,E13 9JJ,51.534419,0.035444,0.9457339075776976,1.0,5.6
955,Custom House Hotel Pub,E16 3BY,51.510029,0.026677,0.8557490396927017,1.0,6.2
957,Fox,E16 1DR,51.508935,0.025185,0.9769037364683972,1.0,6.0
961,The Hudson Bay,E7 9PA,51.545729,0.026148,0.9737539285298568,1.0,5.7
968,Ye Old Black Bull,E15 4BQ,51.540274,0.000925,0.9228913979746246,1.0,5.5
969,The Langthorne,E15 4QS,51.5403,0.000299,0.8576580142009079,1.0,5.4
973,Windsor House,E6 5NT,51.514864,0.061024,0.9243161448027004,1.0,5.2
974,Duke of Edinburgh,E11 2EY,51.582437,0.027891,0.958859271330462,1.0,8.0
975,The Red Lion,E11 3AA,51.567909,0.011031,0.9831824001862414,2.0,8.7
976,The Birds,E11 3AA,51.569096,0.012215,0.9682993830753114,1.0,8.1
977,The North Star,E11 3AR,51.569834,0.015416,0.944399953439646,1.0,7.7
978,The George,E11 2RL,51.575967,0.028148,0.9848609009428472,1.0,7.3
979,The Cuckfield,E11 2AA,51.579388,0.024926,0.9706436968920964,2.0,7.3
980,O'Neill's,IG1 4DW,51.55901,0.07082,0.9469561168664882,1.0,7.3
981,The Great Spoon of Ilford,IG1 4LZ,51.561995,0.068709,0.9851705272960074,1.0,6.7
982,Unicorn,IG5 0NY,51.591821,0.062878,0.9736864160167618,1.0,6.3
983,O'Neill's,E11 3AW,51.570637,0.015266,0.9783866837387964,1.0,6.3
984,The Red House,IG4 5BG,51.576815,0.044797,0.8720684437201722,1.0,5.3
985,King George V,IG2 6SX,51.578352,0.070939,0.9845652426958444,1.0,6.1
986,The Nightingale,E11 2EY,51.582074,0.028219,0.9379303922709812,1.0,5.9
987,The Walnut Tree,E11 1HH,51.569823,0.012751,0.9681503899429637,1.0,6.1
989,Railway Bell,E18 1JJ,51.591844,0.028056,0.9735490629728786,1.0,5.8
995,The Dysart Arms,TW10 7AA,51.446493,-0.301737,0.3730089628681178,1.0,8.2
996,Barmy Arms,TW1 3DU,51.446355,-0.32598,0.9546292631824002,1.0,8.1
997,The White Cross,TW9 1TH,51.458958,-0.308399,0.9813316261203584,1.0,8.3
998,The Old Ship,TW9 1ND,51.459746,-0.306642,0.983338377371668,1.0,8.3
999,The Eel Pie,TW1 3NJ,51.447035,-0.326486,0.9198300547084158,1.0,7.9
1000,The White Swan,TW9 1PG,51.46138,-0.310964,0.9440135025026192,1.0,8.4
1001,Roebuck,TW10 6RN,51.452393,-0.29845,0.9583377953672448,1.0,7.9
1002,"The Prince Albert, Twickenham",TW2 5QB,51.442051,-0.344408,0.9535164707251776,1.0,8.1
1003,The Rifleman,TW2 5EL,51.440156,-0.348845,0.9623396577813992,1.0,8.1
1004,Watermans Arms,TW9 1TJ,51.459128,-0.307106,0.8891002211616809,1.0,7.7
1005,The Orange Tree,TW9 2NQ,51.464215,-0.301563,0.9756233267372832,2.0,7.8
1006,The White Horse,TW10 6DF,51.461495,-0.296157,0.9666348504248632,1.0,7.7
1007,Cricketers Richmond,TW9 1LX,51.460527,-0.30617,0.9646071470143172,1.0,7.7
1008,The Mitre,TW9 1UY,51.463177,-0.291571,0.9651099988359912,1.0,7.8
1009,The Victoria Inn,TW10 6UB,51.457281,-0.303828,0.9611546967756956,1.0,7.4
1010,The Shaftesbury,TW9 2PN,51.465746,-0.29899,0.9593155627982772,1.0,7.5
1011,The William Webb Ellis,TW1 3RR,51.447643,-0.328499,0.9772203468746362,1.0,6.9
1012,The Fox & Duck,TW10 7AD,51.444926,-0.302775,0.966856012105692,1.0,6.4
1013,The Angel & Crown,TW9 1JL,51.460511,-0.304258,0.979394715399837,1.0,6.6
1014,The Lass O' Richmond Hill,TW10 6JJ,51.451556,-0.295569,0.936840879990688,2.0,6.4
1015,St Margarets Twickenham,TW1 2LJ,51.4547,-0.319207,0.9526737283203351,1.0,6.4
1016,George Twickenham,TW1 3SN,51.446214,-0.328903,0.9294680479571644,1.0,6.3
1017,One Kew Road,TW9 2NQ,51.463365,-0.302351,0.963552554999418,1.0,6.3
1020,Triple Crown Inn,TW9 2SS,51.465499,-0.301886,0.7661576067978116,1.0,6.0
1021,The Sun Inn,TW9 2RG,51.464016,-0.302324,0.9460086136654638,1.0,5.9
1023,The Railway Tavern,TW9 1DN,51.46255,-0.302385,0.9826492841345594,1.0,5.7
1025,The Waldegrave Arms,TW11 8LX,51.432862,-0.338325,0.8913746944476778,1.0,5.4
1028,The Sun,SM5 2HU,51.367129,-0.164198,0.9205563962286112,1.0,8.6
1029,The Hope,SM5 2PR,51.367098,-0.167139,0.932960074496566,1.0,8.0
1030,Shinner & Sudtone,SM1 1HR,51.361774,-0.192548,0.9201187289023396,1.0,8.0
1031,The Windsor Castle,SM5 3PT,51.362634,-0.168742,0.9442765685019208,1.0,6.8
1032,The Railway Tavern,SM5 2HG,51.370061,-0.166352,0.942267489232918,1.0,6.9
1033,The Little Windsor,SM1 4BY,51.363997,-0.186822,0.940316610406239,1.0,6.6
1034,Sutton Arms,SM1 1EZ,51.361741,-0.192112,0.9151484111279246,1.0,6.4
1035,Whispering Moon,SM6 8QF,51.360186,-0.149495,0.9241299033872656,1.0,6.4
1036,Star Wallington,SM6 0DE,51.361397,-0.150223,0.8371202421138401,1.0,6.2
1037,O'Neill's Sutton,SM1 1DJ,51.360871,-0.192181,0.4195623326737283,1.0,6.1
1038,Gander Inn,SM1 2UE,51.370808,-0.209925,0.9733162612035852,1.0,6.4
1039,The Old Bank,SM1 1HN,51.359989,-0.191343,0.9225747875683856,1.0,5.9
1047,Moon on the Hill,SM1 1DZ,51.36185,-0.193233,0.95552554999418,1.0,5.3
1052,The California,SM2 5SU,51.343858,-0.197798,0.953714352229077,1.0,5.1
1053,The Mayflower,SE16 4NF,51.501798,-0.053581,0.9721219881271098,2.0,9.2
1054,The Grapes,E14 8BP,51.508799,-0.034028,0.9724106623210336,2.0,8.7
1055,The Prince Arthur,N1 6EB,51.527436,-0.085398,0.928844139215458,1.0,7.9
1056,The Miller,SE1 3SS,51.502132,-0.087614,0.9804493074147363,2.0,7.5
1057,The Exmouth Arms,EC1R 4QL,51.525782,-0.10967,0.9822139448259808,2.0,8.2
1058,Lord Nelson,SE1 0LR,51.503386,-0.10269,0.9762961238505412,1.0,7.8
1059,The Old Salt Quay,SE16 5QU,51.504079,-0.048621,0.9703317425212432,2.0,7.2
1060,The Pregnant Man,WC2A 1JA,51.516735,-0.112335,0.9475800256081948,1.0,7.4
1061,The George,WC2R 1AP,51.513187,-0.113027,0.9773786520777558,2.0,7.3
1062,The Gregorian,SE16 4SQ,51.497528,-0.066524,0.9817204050750784,1.0,6.9
1063,The Mulberry Bush,SE1 9PP,51.507091,-0.110325,0.9572832033523456,1.0,7.1
1064,The Horseshoe Inn,SE1 3QP,51.50251,-0.084088,0.9642626003957632,1.0,6.7
1065,Cheshire Cheese,WC2R 3LD,51.512588,-0.113117,0.9625817716214644,1.0,7.1
1066,Duke of Wellington,E1 7NE,51.51787,-0.074647,0.9510720521475964,1.0,6.4
1067,Prince William Henry,SE1 8NL,51.505268,-0.104109,0.9551623792340822,1.0,5.7
1068,The Surrey Docks,SE16 2LW,51.492485,-0.045524,0.9859597252939122,1.0,5.7
1069,The Leyton Star,E15 2BX,51.554271,-0.005091,0.9848958212082412,1.0,8.6
1070,Leyton Technical,E10 5QN,51.5585,-0.007181,0.9719892911186124,1.0,8.3
1071,The Elderfield,E5 0LF,51.553464,-0.046906,0.9590548248166686,1.0,8.2
1072,The Gun,E9 6RG,51.544381,-0.046949,0.9435455709463392,1.0,8.7
1073,Queens Arms,E17 9NJ,51.582524,-0.013672,0.9791339774182284,1.0,8.4
1074,The Birkbeck Tavern,E11 4HL,51.556547,-0.000128,0.929272494470958,1.0,7.9
1075,The Castle,E17 9LB,51.580689,-0.011218,0.9883785356768712,1.0,7.9
1076,Leytonstone Tavern,E11 3PX,51.559051,0.011114,0.9837760446979396,1.0,8.0
1077,The Chequers,E17 7BX,51.583457,-0.026578,0.9797997904784076,3.0,7.7
1078,Heathcote & Star,E11 4EA,51.56584,0.002253,0.9608753346525434,1.0,7.6
1079,Northcote Arms,E11 4EL,51.560323,-0.001486,0.9830706553369806,1.0,7.2
1080,Biddle Bros,E5 0QR,51.553251,-0.052809,0.938086369456408,1.0,7.3
1081,Ye Olde Rose & Crown,E17 4SA,51.587781,-0.020544,0.9629356303107904,1.0,7.3
1082,The Village Kitchen,E17 9NJ,51.582536,-0.012198,0.9493120707717378,1.0,6.9
1083,The Drum,E10 7EQ,51.574954,-0.013807,0.9803166104062392,1.0,6.5
1084,Lord Palmerston,E17 5JN,51.588858,-0.030246,0.9912513095099524,1.0,6.5
1085,The Coppermill,E17 7HF,51.579712,-0.041334,0.9751856594110117,1.0,5.8
1094,The Goose,E17 3AX,51.583523,-0.019112,0.9715213595623328,1.0,5.5
1098,The Globe,E9 6NA,51.545959,-0.053866,0.9432103363985568,1.0,5.4
1105,The Victoria,E17 4QH,51.585972,-0.019907,0.8547479920847398,1.0,5.0
1106,King's Arms,SW18 4LB,51.45728,-0.194467,0.9849167733674776,1.0,8.4
1107,The Grapes,SW18 1DX,51.458708,-0.190583,0.9445652426958444,1.0,7.7
1108,The Earl Spencer,SW18 5JL,51.448218,-0.199498,0.9407985100686764,1.0,8.2
1109,The East Hill,SW18 1AA,51.45872,-0.185726,0.9579327202886742,1.0,7.8
1110,The Four Thieves,SW11 1DJ,51.464029,-0.162562,0.9743359329530904,2.0,8.6
1111,The Eagle Ale House,SW11 6HG,51.455065,-0.163239,0.9392061459667094,1.0,8.0
1112,Duke of Battersea,SW11 3AG,51.478247,-0.170071,0.9702060295658248,1.0,8.3
1113,The Bolingbroke,SW11 6RE,51.453835,-0.164076,0.9606285647770924,1.0,7.9
1114,The Nightingale,SW12 8NX,51.450067,-0.157853,0.9337446164590852,1.0,8.1
1115,The Cat's Back,SW18 1NN,51.46185,-0.199752,0.9351274589686882,1.0,7.3
1116,Park Tavern,SW18 5SW,51.450724,-0.19917,0.9771993947153998,1.0,7.3
1117,The Halfway House,SW18 4SR,51.441647,-0.187286,0.9732115004074032,1.0,7.5
1118,The Old Fields,SW18 5LS,51.444744,-0.205146,0.8581678500756605,1.0,7.4
1119,The Jolly Gardeners,SW15 1NT,51.464546,-0.218343,0.9466604586194856,2.0,7.5
1120,The County Arms,SW18 3SH,51.450108,-0.174294,0.947428704458154,1.0,7.4
1121,The Fox & Hounds,SW11 2JU,51.467047,-0.162836,0.9654917937376324,1.0,7.6
1122,Old Sergeant,SW18 4DJ,51.451458,-0.190492,0.9574717727854732,1.0,7.0
1123,The Coat & Badge,SW15 1NL,51.464515,-0.216715,0.9515027354207892,2.0,7.4
1124,Ye Olde Spotted Horse,SW15 1RG,51.462631,-0.216483,0.9805750203701548,1.0,7.3
1125,Green Man,SW15 3NG,51.453456,-0.221579,0.9678314515190316,1.0,7.3
1126,The Telegraph,SW15 3TU,51.448726,-0.226545,0.9609149109533232,1.0,7.4
1127,The Boathouse,SW15 2JX,51.465186,-0.212831,0.9738493772552672,1.0,6.9
1128,The Latchmere,SW11 3BW,51.47201,-0.165499,0.9671167500873008,1.0,7.1
1129,Wandle Earlsfield,SW18 4EJ,51.442856,-0.189207,0.9786776859504132,1.0,6.8
1130,The Malt House,SW6 1AY,51.481456,-0.198398,0.8525107670818298,1.0,7.0
1131,The Eel Brook,SW6 4SG,51.47585,-0.193283,0.6945384704923757,1.0,6.8
1132,The Spread Eagle,SW18 2PT,51.456578,-0.192148,0.8918519380747294,1.0,6.1
1133,The Crown - Enterprise Inns,SW11 5RD,51.465665,-0.156006,0.9533861017343732,1.0,6.9
1134,Le Gothique,SW18 3SX,51.453336,-0.174716,0.95776277499709,1.0,6.4
1135,Hawkins Forge,SW11 1EJ,51.460702,-0.168879,0.978007216854848,1.0,6.5
1136,The Rocket,SW15 2JQ,51.465279,-0.213141,0.9854964497730184,1.0,6.4
1137,The Golden Lion,SW6 3JJ,51.46997,-0.210117,0.952219764870213,1.0,6.4
1138,The Goat,SW11 1EQ,51.46097,-0.166612,0.9413735304388312,1.0,6.4
1139,"Draft House, Westbridge",SW11 3AG,51.478289,-0.170111,0.9432196484693284,1.0,6.6
1141,The Merchant,SW11 1HG,51.46085,-0.163391,0.9624234664183448,1.0,6.3
1143,The Hope,SW17 7EG,51.446305,-0.165347,0.9529367943196368,1.0,6.1
1144,The Jolly Gardeners,SW18 4EA,51.446898,-0.189594,0.9404772436270517,1.0,5.7
1148,The Fox,SW15 6SE,51.460847,-0.217563,0.968206262367594,1.0,5.3
1152,The Ship Tavern,WC2A 3HP,51.5172349,-0.1192033,0.9837876847864044,1.0,8.4
1153,Three Tuns Marylebone,W1H 6HP,51.514499,-0.156007,0.9794110115236876,1.0,8.1
1154,Fentiman Arms,SW8 1LA,51.480974,-0.118235,0.9874030962635316,1.0,7.9
1155,Shakespeares Head,W1F 7HZ,51.513697,-0.139459,0.994310324758468,1.0,6.6
1156,Leicester Arms,W1B 5DP,51.510587,-0.137685,0.975590734489582,1.0,6.3
1157,The Plough,WC1A 1LH,51.517786,-0.125891,0.9734396461413106,1.0,6.3
