,fsq_id,popularity,price,rating
0,4bc1e42eabf49521c690c193,0.9395506925852637,1.0,8.1
1,4b995bccf964a5209f7535e3,0.9827680130368991,1.0,7.6
2,4bb4da3fa7059521b8cc1bce,0.9873751600512164,1.0,7.7
3,4dc436e5ae608779d11bd561,0.9508951228029333,1.0,7.4
4,4d72b1e78e12b1f793863f05,0.3777767431032476,1.0,6.6
5,4c0bab78ffb8c9b6e9886d61,0.246145966709347,1.0,6.8
6,4c48afa4fbafc9289b04eed9,0.9721663862841196,1.0,7.2
7,4db2cbb5cda1c57c8236c09f,0.967386800139681,1.0,6.1
8,4acf9e8df964a52000d520e3,0.9514980793854033,1.0,6.5
9,4cdef85ef8a4a1430711dbbc,0.3776021417762775,1.0,
10,4ad6f668f964a520700821e3,0.89875451053428,1.0,
11,4ceee8c87db3224b3c092a2e,0.4455476661622628,1.0,
12,4c17db06fe5a76b0602f0115,0.8880013968106157,1.0,5.6
13,4d85f8b4f9f3a1cd9bfad564,0.8782353625887557,1.0,
14,4bab3463f964a52050993ae3,0.9352252357117914,1.0,5.6
15,4c4487a1dcd61b8dfe747b56,0.9672191828657898,1.0,5.7
16,4c3889183849c928a797bfb1,0.27159585612850656,1.0,
17,4c08053e6071a5936899db32,0.9516005121638924,1.0,6.7
18,4cbb68b59552b60cbde6df8b,0.946253055523222,1.0,7.1
19,4c48b1f49e3e2d7fe72aca47,0.8890862530555232,1.0,6.8
20,4b6dd03ff964a5204c922ce3,0.9505971365382377,1.0,6.2
21,4c96019e6b35a1435df729dc,0.9660365498777791,1.0,6.8
22,4c432c00cc410f4730caad61,0.9428588057269235,1.0,6.6
23,4d1a64e59aa55481dbd2c5e0,0.9034873705040158,1.0,
24,4adc754ff964a5206d2c21e3,0.9956908392503783,1.0,6.1
25,4c585c4412f0d13a963b09ad,0.8951088348271447,1.0,
26,4c38619eae2da593c98600c6,0.9587754626935164,1.0,6.1
27,4c9f404b0df79c74e80c231a,0.9038924455825864,1.0,6.2
28,4cfbd4bcdccef04d4f42bd9c,0.8989593760912583,1.0,6.1
29,4acfd0e5f964a5203fd620e3,0.9754999417995577,1.0,
30,4bf6a8c15efe2d7fcd876734,0.9629891747177278,1.0,5.8
31,4c80f305d34ca14375621d80,0.9698032825049471,1.0,
32,4d7a945f7ea26ea8989ac68f,0.9372878593877313,1.0,
33,4c87aa51821e9eb051cc8d89,0.9383750436503318,1.0,5.6
34,4e7e1139b8038046341bbeaf,0.8957280875334652,1.0,
35,4d4550223616b60c346fedc2,0.952573623559539,1.0,
36,4ebd9cedd3e3700a5a84c614,0.45449656617390294,1.0,
37,4bae78d2f964a520aab63be3,0.9534466301943895,1.0,
38,4ed01d79cc219860f71d8b6c,0.3529693865673379,1.0,
39,4b770f9df964a52034792ee3,0.9192736584798045,1.0,5.5
40,4beb12306295c9b6ab3e8708,0.986574321964847,1.0,
41,4c2f8f2216adc92842c7bd9c,0.9369945291584216,1.0,
42,54f236d4498e171106bd927c,0.9573902921662205,1.0,
43,541342a5498ebde900f0dad2,0.9903550226981725,1.0,
44,5f551d195d31e348dde989bb,0.9808939587940868,1.0,
45,5ac92c1879f6c74413a55df2,0.9612594575718776,1.0,
46,5f79e3eb624cd668faeeecdf,0.9762146432312886,1.0,6.8
47,4bd7c86a304fce72600534ab,0.9605191479455244,1.0,7.2
48,4bcf581dcaff9521a7fdccf0,0.9589873123035735,1.0,5.7
49,4ccd8719063a721e1416959a,0.9552229076940985,1.0,
50,4ae44c36f964a520e89921e3,0.9868094517518333,1.0,6.1
51,4cffcc692685a35d6a5cc590,0.9855802584099639,1.0,5.6
52,5741bbd8cd105b73f950aa7d,0.858684670003492,1.0,
53,4c8a558b52a98cfa95862be9,0.013216156442788965,1.0,
54,4d449274bf61a1cdeb550aac,0.9217855895704807,1.0,
55,4b770d4ff964a52058782ee3,0.70287975788616,1.0,
56,4c02ef24f56c2d7f0f341c66,0.28010708881387497,1.0,
57,4c87ab49821e9eb039cd8d89,0.9920568036317076,1.0,5.7
58,4c07ee35ffb8c9b64c6a6761,0.9056175066930509,1.0,
59,4b8e8e25f964a520722833e3,0.5301198929111861,1.0,
60,4ead75f0f7906795c3b30f23,0.9100919566988709,1.0,
61,4cf6644bc020b60caadb1f75,0.6570364334768944,1.0,
62,4c797b14df08a1cdcceada5d,0.6527016645326504,1.0,
63,4daf27650437710b8143fb62,0.9959422651612152,1.0,
64,4e0f6724fa76d62f44528a10,0.08153881969502969,1.0,
65,4e3eda2cd4c058f9dc17ec44,0.15365847980444652,1.0,
66,4da490acb521224bdd6435ee,0.9226423000814806,1.0,
67,585adb7b9526bc19710ce842,0.9794273076475382,1.0,
68,510c650be4b0be8b2fb89966,0.5738074729367943,,
69,4c8d2503509e370492a43955,0.9547410080316611,1.0,7.5
70,53934523498eb27aa25f74af,0.9743708532184845,1.0,8.3
71,4b5b7847f964a520a20029e3,0.9464020486555698,1.0,7.3
72,4b75bb96f964a5208d202ee3,0.9568408799906879,1.0,7.4
73,4e6886ebb3ad5d919752d2db,0.9380677453148644,1.0,6.6
74,4b65a1dcf964a52032f72ae3,0.9048981492259341,1.0,7.0
75,4b5b61f4f964a52088f928e3,0.9090862530555233,1.0,6.4
76,4c0bf149340720a101e18893,0.9756116866488185,1.0,6.5
77,4d04c89ea268548102bab9bd,0.9382912350133861,1.0,6.4
78,4b9e9c0ff964a5208ff336e3,0.9880409731113956,1.0,6.2
79,4c67dac7b80abe9accd4d0e5,0.9355022698172506,1.0,
80,4c87abc0821e9eb0a2cd8d89,0.9537306483529275,1.0,6.1
81,4e0fa1768877936cb411719f,0.9353043883133512,1.0,5.7
82,4c781d0e566db60cc587400e,0.9595087882667909,1.0,
83,4b9d4633f964a520279f36e3,0.9517471772785473,1.0,5.7
84,4bd2d1a8caff95210979d3f0,0.9287533465254336,1.0,
85,4c87abae821e9eb095cd8d89,0.9570690257245955,1.0,5.0
86,4e8a16064901e444f6a7ab65,0.9872890233965779,2.0,8.9
87,4ad011bef964a52080d720e3,0.9828029333022931,2.0,8.8
88,4b2e6888f964a520a3df24e3,0.985969037364684,2.0,9.1
89,4af0bf5cf964a520d0de21e3,0.9828285414969153,1.0,7.7
90,4ac518c3f964a52047a420e3,0.976058666045862,2.0,8.5
91,4ad64b39f964a5205e0621e3,0.974920265394017,2.0,8.1
92,4dc03e7c6a23e5a549e75316,0.9646979397043417,1.0,8.2
93,53d51a31498ed9172875b3e1,0.9731207077173787,1.0,8.6
94,4e57e069d22d61e8f3408e62,0.9837550925387033,2.0,8.2
95,4aeda9e5f964a5200bce21e3,0.9870911418926784,2.0,8.4
96,4ad86c31f964a5204e1121e3,0.97363752764521,1.0,8.1
97,4bdec2a10ee3a5939ab431b0,0.9725806076126179,1.0,8.5
98,500012b5e4b064f07ddb5abb,0.9868536840879991,1.0,8.8
99,4ace2fc8f964a520edce20e3,0.9797136538237691,1.0,8.3
100,4ada4318f964a520a42021e3,0.9857036433476895,2.0,7.8
101,4b45dcabf964a5204e1126e3,0.9709440111744849,1.0,8.1
102,4ee61a462da504839760f91a,0.9960074496566174,1.0,7.9
103,4ace1c4df964a52076ce20e3,0.9738749854498894,1.0,7.8
104,4ac518baf964a520dea120e3,0.9646257711558608,1.0,8.0
105,53eba251498ebe3ddeb8cb3b,0.9478780118728902,1.0,8.3
106,4b1a1fbaf964a520a7e723e3,0.9761960190897451,1.0,7.7
107,4ba4ce47f964a52097b638e3,0.9490792690024444,1.0,7.4
108,4ac518c4f964a52069a420e3,0.9535420789197998,2.0,7.7
109,4aea012ff964a52069b821e3,0.9618368059597253,1.0,7.9
110,4bd87cd60b779c747f4907a0,0.9646467233150972,1.0,7.4
111,4ad63a7ff964a520de0521e3,0.9685508089861483,1.0,7.6
112,4ace2bb3f964a520d1ce20e3,0.9916354324292864,2.0,7.9
113,4ac518c7f964a52058a520e3,0.9618903503666628,1.0,7.1
114,4ad0b80df964a5205ad920e3,0.9874426725643115,1.0,7.6
115,4ad4f77af964a520040121e3,0.964583866837388,1.0,7.4
116,4b4613a0f964a520951526e3,0.9621743685252008,2.0,7.3
117,5c5215468c35dc002cee60f4,0.9645978349435456,1.0,7.6
118,4b7fedcbf964a520fe4430e3,0.9806937492724944,1.0,7.5
119,4f634969e4b0ce431bfee234,0.997623093935514,3.0,7.5
120,4cec1c920f196dcb70c55bae,0.9830403911069724,2.0,7.1
121,4be99dfb415e20a1990ce4bb,0.9714841112792457,1.0,7.4
122,4ba93cc0f964a52003173ae3,0.9253451286229776,1.0,7.2
123,4ba3d87cf964a520e46538e3,0.9625887556745432,1.0,7.3
124,4bfed4a24e5d0f475b3a7d1f,0.9884763124199744,1.0,6.9
125,4ad3c1d8f964a52029e620e3,0.9532208124781748,1.0,6.7
126,4bae8164f964a52091ba3be3,0.9842858805726924,1.0,6.8
127,4aef3425f964a5208bd621e3,0.9829984867884995,1.0,7.2
128,5891b1d9cc5b6a7ca7058b26,0.9678826679082762,1.0,6.9
129,4af9f45ff964a520891522e3,0.9865231055756024,1.0,6.3
130,4cff51b16923721e82bfbe3b,0.9898940751949715,1.0,6.9
131,4c2f78373896e21e24f8e390,0.9593062507275055,1.0,6.7
132,4b994269f964a520516e35e3,0.9922686532417646,1.0,6.4
133,4ac518bcf964a52081a220e3,0.9773157956000466,1.0,6.4
134,4b801f80f964a520375430e3,0.9976161098824351,2.0,6.6
135,4b6c7629f964a520133c2ce3,0.9952834361541147,2.0,6.6
136,4c424d876c1a952116c8b96a,0.9778838319171226,2.0,6.6
137,4bae1a7df964a52088843be3,0.9607542777325108,1.0,6.7
138,4b6ec711f964a5202cca2ce3,0.9776626702362938,1.0,6.5
139,4b5092a7f964a520db2727e3,0.9837783727156326,1.0,6.1
140,5bb3a29b3ba767002cacd8c9,0.9984169479688045,1.0,6.6
141,4ad73549f964a520fd0821e3,0.9658479804446514,1.0,6.5
142,4b62dc55f964a520f9552ae3,0.9867582353625888,2.0,6.5
143,4bfea3e5ca1920a1a094eb81,0.978472820393435,2.0,6.3
144,4ada427ef964a520a02021e3,0.966569665929461,,5.7
145,4b914716f964a52061af33e3,0.985366080782214,2.0,6.1
146,4b686220f964a52028752be3,0.9944476778023513,2.0,6.0
147,611035148f4dfd74ee8c309b,0.9557886159934815,1.0,
148,4ad08fd2f964a52071d820e3,0.9827656850192061,3.0,5.9
149,4ad4b280f964a520b5e820e3,0.9726364800372482,1.0,5.8
150,4c17674959cc2d7fda875287,0.9748178326155279,2.0,5.6
151,4baa3de8f964a520de563ae3,0.9667791875218251,1.0,5.7
152,4bc4604e461576b01ac77f32,0.96916307763939,1.0,5.6
153,4ad7a555f964a520350d21e3,0.9772087067861716,1.0,5.4
154,4ac518bff964a52024a320e3,0.9835199627517169,2.0,8.6
155,539db859498eb12d43cf35e8,0.9875264812012571,2.0,8.8
156,4ace2e9ef964a520e1ce20e3,0.9845605866604586,2.0,8.5
157,4ac518baf964a520d5a120e3,0.9902619019904552,2.0,8.2
158,4ac518bef964a52010a320e3,0.9931486439296938,2.0,8.3
159,4acf5df2f964a52042d320e3,0.9819113025258992,2.0,8.5
160,542aeb3b498e5227edba2428,0.9906064486090095,1.0,8.9
161,4ac518c3f964a52043a420e3,0.9889931323478058,1.0,8.5
162,4b472756f964a520072c26e3,0.9557909440111745,2.0,9.0
163,4ad46036f964a520afe720e3,0.9637038761494587,1.0,8.5
164,4af49c85f964a52052f421e3,0.9886462577115586,1.0,8.2
165,5363e078498edd00c571a622,0.9807729018740542,1.0,9.0
166,4ac518c3f964a52041a420e3,0.978258642765685,1.0,8.2
167,4aeb21def964a520cbbe21e3,0.9852170876498662,1.0,8.8
168,4ace1828f964a52059ce20e3,0.9787824467465953,2.0,8.4
169,4ac518c3f964a52034a420e3,0.9895378884879525,2.0,8.0
170,5c506375f427de002c2e7d44,0.9960563380281691,1.0,7.9
171,4b49e9fcf964a520e57526e3,0.9911395646606914,1.0,8.5
172,4aec9f4bf964a52091c921e3,0.9644022814573391,2.0,8.2
173,4ac518bef964a520faa220e3,0.9938586893260388,1.0,7.6
174,4ac518c3f964a5203ca420e3,0.9872983354673496,2.0,8.3
175,4c741edcc219224b79f39e28,0.9895937609125829,3.0,8.0
176,4ac518c5f964a520d5a420e3,0.9893400069840531,1.0,8.1
177,5cdd51073d4791002e65b8bb,0.9808404143871493,1.0,7.8
178,4ad0963ef964a52093d820e3,0.9852706320568037,2.0,7.9
179,4dab37d78154abafc2be3377,0.9296915376556861,1.0,8.4
180,4ad78c64f964a5200f0c21e3,0.9875241531835642,2.0,7.7
181,55f2d6a2498e4a19576e08b5,0.9849214294028634,1.0,7.4
182,4adf266af964a520df7721e3,0.9889116517285531,2.0,8.3
183,4b65b260f964a52023fa2ae3,0.9855942265161215,2.0,7.6
184,4b22a97df964a520504b24e3,0.9736002793621231,1.0,8.2
185,4beeb7413686c9b600d3246e,0.9853404725875917,1.0,8.3
186,4ad785bbf964a520bf0b21e3,0.9891374694447678,2.0,8.1
187,4aec40e1f964a520b0c521e3,0.9948294727039926,2.0,8.0
188,4bc6040a6c26b713e325ecf3,0.9888581073216156,2.0,8.0
189,4b7fe833f964a520a14330e3,0.9709556512629496,1.0,8.0
190,4b784f68f964a52040c42ee3,0.9869491328134093,2.0,7.9
191,4ac518c3f964a5202fa420e3,0.9902339657781399,2.0,7.5
192,4ac518c5f964a520c4a420e3,0.9776929344663019,2.0,7.6
193,4b3dfea1f964a520b89725e3,0.9935281108136422,1.0,7.3
194,4ad364e6f964a5201fe420e3,0.9953625887556745,2.0,7.2
195,4ad85d94f964a520161121e3,0.9871074380165289,2.0,7.2
196,4ad61fd1f964a520330521e3,0.9915143755092539,1.0,7.7
197,4ad4dc51f964a5204bfc20e3,0.9953975090210686,2.0,7.4
198,4b47ab8cf964a520e23926e3,0.9924735187987429,1.0,7.2
199,4f634969e4b0ce431bfee234,0.997623093935514,3.0,7.5
200,4b5c746ff964a520b43029e3,0.9943266208823187,2.0,7.0
201,4ad26ce6f964a52091e120e3,0.9954091491095333,2.0,7.4
202,4ac518baf964a520d4a120e3,0.9895658247002678,1.0,7.3
203,4b0fd340f964a5203b6523e3,0.9823163776044698,2.0,6.8
204,4af06e30f964a520f4db21e3,0.9951134908625305,2.0,7.2
205,4afd6abff964a520b62722e3,0.996980561052264,1.0,7.0
206,4c87ac36821e9eb0ffcd8d89,0.988490280526132,1.0,6.8
207,4ad9b52af964a5207a1a21e3,0.9910604120591316,3.0,6.9
208,4b8e9757f964a520a22a33e3,0.972897218018857,1.0,6.9
209,4bb9014a314e95216908499d,0.9929624025142592,1.0,6.8
210,4b21114bf964a5208f3624e3,0.988134093819113,1.0,7.0
211,578920f6498e94398f3c3a54,0.9839343499010592,1.0,6.9
212,4ac518bcf964a52097a220e3,0.9768455360260738,1.0,6.9
213,4ae19ccbf964a520688621e3,0.9938400651844954,1.0,6.7
214,4ac518c5f964a520d4a420e3,0.9966173902921662,1.0,7.0
215,4c07de0d708c2d7f0da0ca63,0.9942172040507508,2.0,6.5
216,4ae49b93f964a520449c21e3,0.9954394133395413,2.0,6.5
217,4b61ca0ef964a520f2222ae3,0.9909928995460365,2.0,6.2
218,4ac518bcf964a52069a220e3,0.9918519380747294,1.0,6.7
219,4ad771e0f964a5208f0a21e3,0.9840693749272494,2.0,6.8
220,4bbe1f3cb42aef3b02724bc3,0.9934489582120825,1.0,6.4
221,4b7daaeff964a52075cd2fe3,0.9890490047724363,1.0,6.6
222,4b50af87f964a520722d27e3,0.9935746711675009,1.0,5.9
223,4ad36684f964a5202ce420e3,0.9976743103247585,1.0,5.9
224,4ad8c1c7f964a520651421e3,0.9901687812827378,1.0,6.3
225,4c87aaf9821e9eb0ebcc8d89,0.9930043068327319,2.0,5.7
226,4aef2314f964a520f0d521e3,0.9744337096961937,1.0,6.0
227,4b914716f964a52061af33e3,0.985366080782214,2.0,6.1
228,4ad0fbbdf964a520b5db20e3,0.9801443370969619,2.0,5.9
229,4ee61a462da504839760f8b3,0.9916726807123735,1.0,5.7
230,4ad08fd2f964a52071d820e3,0.9827656850192061,3.0,5.9
231,4bc2232d461576b050e97c32,0.9871330462111512,2.0,5.7
232,4b57a91ef964a520493a28e3,0.9794436037713886,1.0,5.8
233,4bcb51523740b713013a6265,0.9478966360144337,1.0,8.1
234,4bcb20e4937ca59363e1a892,0.9541543475730415,1.0,7.4
235,4d276ce5f7a9224b4043eb9f,0.9629798626469561,1.0,7.2
236,4b61e032f964a5208b282ae3,0.9648283086951461,1.0,7.0
237,4bb501410ef1c9b607bef412,0.9276452101035968,1.0,7.0
238,4ba52e5ff964a5209ee838e3,0.9894750320102432,1.0,6.9
239,4b642713f964a5207da12ae3,0.93079734605983,1.0,7.1
240,4bd6062029eb9c741e6694e1,0.9258875567454312,1.0,7.7
241,4beea8d7e8c3c9284eeb9892,0.9373553719008264,1.0,6.7
242,4bb5c3a6ef159c74740675f7,0.9799534396461413,1.0,6.0
243,4bb4e73d310276b0b381cf90,0.9708788266790828,1.0,6.1
244,4b632fb8f964a52019692ae3,0.979501804213712,1.0,6.2
245,4b969756f964a52001d734e3,0.9236759399371435,1.0,6.4
246,4b0443d0f964a520b25222e3,0.0936165754859737,1.0,5.5
247,4bcde25868f976b0fbff6483,0.7114957513677104,1.0,
248,4d8495a8e83fa143c70d66a1,0.9638877895472006,1.0,
249,4c3cd3c3980320a18a368be4,0.9263065999301595,1.0,6.0
250,4c643fc5d6a320a1d697cf2a,0.947351879874287,1.0,
251,4c2343c613c00f4766b288de,0.9569875451053428,1.0,5.8
252,4c016d890bce20a1e5b9f6c6,0.25870795018042136,1.0,
253,4bbf71a082a2ef3b4ece2cd2,0.9366383424514027,1.0,
254,61216f1117b63c646af6d1d2,0.9871493423350017,1.0,
255,4baa4f83f964a520ab5d3ae3,0.9863065999301595,1.0,5.6
256,4bc9da7f511f95218a5aaec7,0.9705645442905366,1.0,
257,4f491f76e4b07d0dde762b7f,0.39520195553486204,1.0,
258,4ca645ca44a8224b07b70140,0.0767780235129787,1.0,
259,5c2d03060d8a0f002c60aa2a,0.9532906530089629,,
260,4bcb137a511f952191b4b0c7,0.3143685252007915,1.0,
261,4c264762a852c9280856e66c,0.9742544523338378,1.0,
262,4ba68cd0f964a520665d39e3,0.8738959376091259,1.0,
263,4bb8b27b1261d13adad1e898,0.9374601326970085,1.0,
264,4bfdac642b83b71381c2a998,0.8873285996973577,1.0,
265,4d73a2b4311f6ea889dfebea,0.9304597834943545,1.0,
266,4bcc756ffb84c9b6665e203e,0.9657082993830753,1.0,
267,4f494686e4b0e44506cb7ab3,0.9141869398207426,1.0,
268,4c5c51ee6ebe2d7ff6bacf2e,0.9369735769991852,1.0,
269,4bc1de3a4cdfc9b6cf209521,0.7831079036200675,1.0,
270,59dd06be3d47912e9687cc9c,0.6217646374112443,1.0,
271,548ed92f498e88452cc8a03e,0.8278593877313467,1.0,
272,4af30191f964a520bae921e3,0.9266325224071703,1.0,
273,4d051de4347da1cd13522f8f,0.5348061925270632,1.0,
274,4ee3d541722ea7b9449b2f0d,0.8928297055057618,1.0,
275,4ca72523931bb60c24039ae2,0.9573390757769759,1.0,
276,4ccc87be2dc437048f39c808,0.9188429752066116,1.0,
277,4fa83cbde4b07bdf3edaa53d,0.981138400651845,1.0,
278,4cdc906ddf986ea8d1aed016,0.975062274473286,1.0,
279,4c029e24f423a593fc04cf16,0.15732277965312536,1.0,
280,4b969abcf964a52008d834e3,0.942986846700035,1.0,
281,536418d4498e53ff31fb7598,0.9512396694214876,1.0,8.4
282,4acdf3d9f964a520aecd20e3,0.9379885927133046,1.0,8.1
283,4b2d3d3af964a520fbd124e3,0.9769572808753346,1.0,8.1
284,4b34a764f964a520302825e3,0.9513607263415202,2.0,7.9
285,4ad63fbcf964a520090621e3,0.9784169479688045,1.0,8.8
286,589128c79398ab2b1e513020,0.9592270981259458,1.0,8.4
287,4bb4e622c29a95217beaa735,0.9213898265626819,1.0,7.5
288,4b11247df964a5205d7823e3,0.9332883249912699,2.0,7.8
289,4cb84e45a33bb1f781d87ffd,0.9765754859736934,1.0,8.3
290,4ad635a4f964a520c20521e3,0.926995693167268,2.0,7.8
291,4b803fe2f964a520c36030e3,0.9780048888371552,1.0,7.0
292,527c07e711d255a8e45a3856,0.952291933418694,2.0,7.5
293,4b51afeaf964a5209a5227e3,0.9280805494121755,1.0,7.8
294,4ae389eff964a520659621e3,0.9707018973344197,2.0,6.8
295,4b59f057f964a5206ca228e3,0.87776277499709,1.0,7.4
296,4be9a25e246fb713d7cfabdf,0.9598510068676522,1.0,7.4
297,4ac53702f964a52007b120e3,0.9494168315679199,1.0,6.6
298,4b89319ff964a5200d2232e3,0.9463741124432545,1.0,7.0
299,4b69e804f964a52052bb2be3,0.939005936445117,1.0,6.2
300,4b78230df964a520b2b72ee3,0.9177837271563264,1.0,6.5
301,4bb8d01c53649c74425b47fb,0.9803072983354674,1.0,6.4
302,4db89f1dcda10f31e61b8ac9,0.8772971714585031,1.0,6.6
303,4b6da1f2f964a520f4812ce3,0.8793341869398208,1.0,6.6
304,4cdd99557e2e236a93e3791b,0.986180886974741,1.0,
305,4c000b53c30a2d7ff5e7111d,0.9532999650797346,1.0,5.8
306,4cd6cd947da9a35de062f1b9,0.8531812361773949,1.0,
307,4e134bdd62e1d997a6b00c98,0.8921825165871261,1.0,
308,4bb49739f038a5936a2cdaf0,0.9701198929111862,1.0,6.1
309,4b92bf78f964a520041834e3,0.4066860668141078,1.0,
310,4bd5ff6c6f649521f71970ec,0.851616808287743,1.0,5.9
311,4bcdda36fb84c9b60eae223e,0.9878756838551973,1.0,5.7
312,4c4f432ceaa1be9a7a26a645,0.9178023512978699,1.0,
313,4bf462f12d629521a21d6058,0.8866930508671866,1.0,
314,5349a45d11d209ad8f62d666,0.8562914678151554,1.0,
315,55d77b39498e56569779feb2,0.8838295891048772,1.0,
316,4d7fa75a9df3f04d4a1ada94,0.930620416715167,1.0,
317,5d0ee2a81feae30023ad4423,0.9058130601792573,1.0,
318,4c61bcc958810f47f88a051e,0.8690350366662787,1.0,
319,4bc61aeab387d13aa34ec1e8,0.8739937143522291,1.0,
320,4bc74ee1af07a59351eb7e2d,0.8338051449191014,1.0,
321,4e03617d18389833c5967fa0,0.9616203003142824,1.0,
322,4d2f58cc5d4ca1cd7857201b,0.9344802700500524,1.0,5.2
323,4b642c3ff964a52074a22ae3,0.9270213013618903,1.0,8.0
324,59cfed38e179105e08dd7595,0.9904271912466535,1.0,8.0
325,4da8dbd243a1128196ced194,0.9637411244325457,1.0,7.0
326,4c004b6af61ea593ffabeb13,0.9869188685834013,1.0,7.8
327,4be5564bbcef2d7f69a903e5,0.9121196601094168,1.0,7.0
328,4bad365cf964a520c6393be3,0.9213572343149808,1.0,7.4
329,4c5b183367ac0f47855c084c,0.9421161680828775,1.0,6.9
330,4bc6009351b376b0f0cd1a6f,0.9489954603654988,1.0,6.8
331,4bdb2e403904a593ce24499e,0.9622209288790595,1.0,6.7
332,5a3bd1c1c0f16341afe1f380,0.9542637644046095,,6.4
333,4bb60a632ea195216b09ab2f,0.9439972063787685,1.0,7.0
334,4bd729214e32d13aaad8c380,0.9161750669305087,1.0,6.5
335,4ba295caf964a520a60638e3,0.9744360377138866,1.0,7.1
336,4b6c6347f964a520eb352ce3,0.9532673728320336,1.0,5.8
337,4c1bb916eac020a1f45445c2,0.9201489931323478,1.0,6.5
338,4c0ebb152466a59315897921,0.021534163659643814,1.0,5.5
339,4ad77cb7f964a520580b21e3,0.008560121056920033,1.0,
340,4cd32396ecc3a09368cf9893,0.6020277034105459,1.0,
341,4bf440a9706e20a11e20a998,0.9384541962518915,1.0,6.2
342,4edd48402c5b50aba2076c7e,0.47575602374578047,1.0,
343,4db1bc280437a93f7f905422,0.9709486672098708,1.0,
344,4caf5efb562d224ba7850d88,0.967249447095798,1.0,
345,4bad0901f964a520d6263be3,0.13579094401117447,1.0,
346,4bd00b43a8b3a593e33e635f,0.9809940635548831,1.0,
347,4e6fb380483bd41a3de30c84,0.9931626120358514,1.0,
348,4ba66a81f964a5201c5039e3,0.883375625654755,1.0,
349,4b6ef478f964a5200ed32ce3,0.9762891397974625,2.0,8.9
350,4b9ae558f964a520a7e035e3,0.9340635548830171,1.0,8.1
351,4b543769f964a520c2b427e3,0.9642346641834478,2.0,8.6
352,4ac518dbf964a520eba820e3,0.9909812594575719,2.0,7.9
353,59ba5b0d2079551e2bffaf57,0.9931230357350715,1.0,8.7
354,4af5ebc6f964a520d7fe21e3,0.9689977883831917,1.0,8.2
355,4b3a4287f964a520256325e3,0.9524246304271913,1.0,8.1
356,4b1a7b28f964a520efea23e3,0.9761145384704923,1.0,8.7
357,4b43bfa7f964a52057e825e3,0.9784984285880572,2.0,7.8
358,4b40f6c3f964a5205ebe25e3,0.7070701897334419,2.0,8.0
359,4c2e5364a0ced13a88a40e6e,0.9701105808404143,1.0,8.7
360,57c5dd14498e8d1389684ad6,0.955807240135025,1.0,8.5
361,53937daf498eb0e46cf0882f,0.923906413688744,1.0,8.2
362,4b773baef964a5202d8a2ee3,0.9388569433127691,1.0,8.1
363,4bd20cd49854d13affd4fa4d,0.9835711791409615,2.0,7.7
364,4bd46aab7b1876b0faee8886,0.9545058782446747,1.0,7.7
365,4ce7fbe3d99f721eac8cad73,0.9831986963100919,1.0,7.4
366,4baf96b5f964a5209f0d3ce3,0.9633849377255267,1.0,8.5
367,4b2fe171f964a520e1f124e3,0.9677546269351647,1.0,8.0
368,4b645d57f964a52084ad2ae3,0.9795134443021767,1.0,7.2
369,4ad0c5dcf964a520b4d920e3,0.9573972762192993,1.0,7.1
370,4cd3424c08f48cfa20469f85,0.9682318705622163,1.0,7.4
371,4c5d4fd985a1e21e89fe5811,0.9796624374345245,1.0,7.7
372,4bdc94beccf52d7f5b6c786d,0.9453847049237574,1.0,7.1
373,4b228701f964a5205c4824e3,0.9795413805144919,1.0,7.2
374,4b89a9eaf964a520234a32e3,0.9821906646490514,1.0,7.3
375,4b0803f0f964a5204e0223e3,0.9893702712140612,1.0,7.4
376,4bae253ef964a520c1893be3,0.9313770224653707,1.0,6.5
377,4b5494c1f964a5200ac127e3,0.9468769642649284,1.0,6.4
378,4bc20cf2920eb7134b881b2c,0.9665556978233034,1.0,6.9
379,4c5741066201e21e0d1b766e,0.9132021883366314,1.0,6.9
380,4c221e7199282d7f5e9066b0,0.9663857525317192,1.0,6.5
381,4ba529bef964a52025e638e3,0.9905063438482132,1.0,6.4
382,5e64276634be860008328fc8,0.9710185077406588,1.0,7.0
383,5cba1d2ac876c80039dd9838,0.9429635665231055,1.0,6.4
384,4c015e0f716bc9b61eb8bb55,0.92735420789198,,6.2
385,607b19f347704242712de638,0.9673705040158305,1.0,6.4
386,4c0a3e4d3c70b713e9f3275b,0.9629775346292632,1.0,6.8
387,5a1715646dcf0423137a0cbe,0.8636130834594343,1.0,6.4
388,4b17e64bf964a5206ac923e3,0.8663531602840182,1.0,5.6
389,5055f06de4b0e5434d5d5b27,0.6706879292282621,1.0,
390,4b6ebfb2f964a520e2c82ce3,0.9960121056920033,1.0,6.3
391,4dd7b45b1f6ee14683287647,0.9592387382144104,1.0,
392,4c370bf6dfb0e21e86ffaba8,0.9194622279129321,1.0,
393,4ac518c0f964a5209ca320e3,0.8850517983936678,1.0,5.2
394,4ac518c6f964a52012a520e3,0.9645349784658364,1.0,5.9
395,4d4d3fe913d88cfa8c8e06da,0.8472005587242463,1.0,
396,4bb63f21f562ef3b70da2f97,0.9692631824001863,1.0,5.9
397,4b703db2f964a520700d2de3,0.9562588755674543,1.0,6.0
398,4cf023c48333224b8951028e,0.9506972412990339,1.0,
399,4c056bb591d776b00265f7f9,0.8469747410080316,1.0,5.2
400,4bf41d086a31d13aa45d952e,0.9347316959608893,1.0,5.9
401,4b6c6a47f964a52044382ce3,0.9502828541496915,1.0,5.8
402,4e8ddba54fc653e47d21ed7d,0.8632382726108718,1.0,
403,4d65502f4e1ea1cdb3204fb9,0.3018274938889536,1.0,
404,4c6bd919599fbe9a3c7e933f,0.9144569898731231,1.0,
405,54da70f4498e72aeca0158f3,0.6929880107088814,1.0,
406,5c7c407e65211f002c3a671e,0.6686695378884879,1.0,
407,4d8cf48bcb9b224be04e6141,0.8893586311255965,1.0,
408,56902c06498ee136327a6816,0.8692957746478873,1.0,
409,4afb317bf964a520f51b22e3,0.9768990804330113,1.0,5.8
410,4cc1c6da91413704e980af55,0.9298544988941916,1.0,
411,4ba3b421f964a520585638e3,0.8495355604702596,1.0,5.6
412,4e74ffbd8998ed82a4542098,0.5770038412291933,1.0,
413,4df3da0b45dd4e2693423ac7,0.9654964497730183,1.0,
414,60e8894245886b2bf7487cca,0.9786311255965545,1.0,
415,4ee4b4c9754a7cc6f60dc574,0.8507321615644279,1.0,
416,4ba4f655f964a52029c938e3,0.9117285531370038,,5.3
417,4fdb8783e4b0c183ab78edb1,0.9068979164241648,1.0,
418,4baa8408f964a520a5703ae3,0.8963915725759516,1.0,5.6
419,4cfe7603ee9cb60c94e79fad,0.949342335001746,1.0,5.7
420,5802a69cd67cb63bf31f71de,0.21102549179373764,1.0,5.6
421,4da98bf3cda1652a2b75abef,0.87896868816203,1.0,
422,4bfedfa968c7a5935fd03f44,0.9423582819229426,1.0,
423,4be1d60ea145c928a7bc4e80,0.9883436154114771,1.0,
424,4bae5e03f964a520c7a83be3,0.9783564195087883,1.0,5.4
425,4acf71fbf964a520b9d320e3,0.555129786986381,1.0,5.2
426,55953999498e3c823cc91116,0.9549505296240252,1.0,9.4
427,4b65d55ff964a520ca022be3,0.9577162146432313,3.0,8.5
428,4c2f8cd43896e21e1c24e490,0.9561354906297288,2.0,8.3
429,4c5d9f90857ca593f45fcdcb,0.9847398440228146,2.0,8.2
430,5228cabd11d2164a106f3cad,0.9658712606215807,1.0,8.2
431,59f6041f1ffed71a14408cfd,0.9698707950180422,1.0,8.4
432,534000f5498e37d3658f0a9e,0.9890047724362705,1.0,8.3
433,4c549f54fd2ea593b533612a,0.9865254335932954,2.0,8.2
434,4ad09812f964a520a3d820e3,0.9624281224537307,1.0,8.0
435,4ac518c6f964a52032a520e3,0.9864183447794204,2.0,8.1
436,4fabfa98e4b0f1115f45a1cd,0.9894633919217786,2.0,8.7
437,4af2bf34f964a5205be821e3,0.963515306716331,1.0,8.2
438,52b47ed2498e43984ea0c7de,0.9684739844022815,2.0,9.3
439,4bdf05a1e75c0f4758a2c903,0.982944942381562,1.0,8.0
440,4c056af8761ac9b6cb7e1f74,0.9700081480619253,1.0,8.3
441,4ac518c4f964a5206aa420e3,0.960675125130951,1.0,8.5
442,5172c8ac498e0949bed12268,0.9525480153649167,2.0,8.1
443,4b462efbf964a5205a1926e3,0.9667605633802817,1.0,8.2
444,4ace3ee6f964a5205fcf20e3,0.9773879641485276,2.0,8.8
445,4ad09b96f964a520b9d820e3,0.9672028867419392,2.0,8.1
446,4b472756f964a520072c26e3,0.9557909440111745,2.0,9.0
447,4b49e9fcf964a520e57526e3,0.9911395646606914,1.0,8.5
448,5b6f348e1ffe97002cc9eccf,0.9777674310324759,1.0,8.4
449,592af90c4a1cc037f24fed68,0.9752717960656501,1.0,9.1
450,56c2499fcd105aa983234188,0.9836852520079152,1.0,8.9
451,4ad773bdf964a520b40a21e3,0.9870259573972762,2.0,7.9
452,52d2ca1311d2ad382c85c549,0.9670701897334419,1.0,8.3
453,4b85a330f964a5202f6a31e3,0.9869142125480154,2.0,8.5
454,4aeb21def964a520cbbe21e3,0.9852170876498662,1.0,8.8
455,4e240dd93151306f89294146,0.9843627051565592,2.0,8.4
456,4b09790ef964a520d11723e3,0.9734582702828541,2.0,8.3
457,4ace469bf964a52095cf20e3,0.9693702712140613,1.0,7.9
458,511e7cd0e4b0eaecfc0f759c,0.9776370620416716,2.0,8.5
459,4adf7396f964a520af7a21e3,0.9728855779303923,2.0,8.4
460,4b61f545f964a520882d2ae3,0.9668420439995344,2.0,8.2
461,4ac518c5f964a520c6a420e3,0.969132813409382,1.0,8.0
462,4ad3b332f964a520b9e520e3,0.9786078454196252,2.0,8.5
463,4af2be6df964a5205ae821e3,0.9741590036084274,2.0,8.0
464,4ac518c5f964a520d8a420e3,0.9872401350250262,1.0,8.2
465,5aad39d10a08ab4a09d01ffc,0.9596740775229892,1.0,8.2
466,4ae4602ff964a520319a21e3,0.974352229076941,2.0,8.4
467,4bc6040a6c26b713e325ecf3,0.9888581073216156,2.0,8.0
468,4ba52a82f964a52096e638e3,0.9738680013968106,1.0,8.1
469,4b2c184ff964a5207fc124e3,0.9638109649633337,1.0,7.6
470,4ae9e788f964a52076b721e3,0.9604725875916656,2.0,7.8
471,5144b2d5e4b0a3e6f6893659,0.9854429053660808,1.0,7.5
472,4ad09628f964a52095d820e3,0.9764846932836689,2.0,7.2
473,4cc1f77bbde8f04db9559b4b,0.9854941217553254,1.0,7.4
474,4bddb6beffdec928c51ce6a1,0.9896729135141427,1.0,7.2
475,4b4e0ab9f964a5204adf26e3,0.9590874170643697,2.0,7.8
476,4c9a5a6e80958cfae43342d4,0.9706087766267023,1.0,7.8
477,4ad9e432f964a520a31b21e3,0.9332045163543243,1.0,7.6
478,52a240d711d2761b153af949,0.9765335816552205,1.0,7.4
479,4b77e71cf964a5202dae2ee3,0.9790501687812827,1.0,7.6
480,5769a02538faed0583028f43,0.9783890117564894,1.0,7.6
481,4ad78c64f964a5200f0c21e3,0.9875241531835642,2.0,7.7
482,4ad6373ff964a520c90521e3,0.9655918984984286,1.0,7.7
483,4b2283a0f964a5201e4824e3,0.9704015830520312,1.0,7.5
484,4b05deb4f964a520d6e422e3,0.9822092887905948,1.0,7.4
485,4ac518c6f964a52013a520e3,0.9902781981143056,2.0,7.3
486,4ad36929f964a5203ee420e3,0.9497637062041672,2.0,6.9
487,4b9259e4f964a520d4f333e3,0.9637062041671517,1.0,6.8
488,4b7828bdf964a52000b92ee3,0.9796182050983587,1.0,6.3
489,4c87ab84821e9eb06fcd8d89,0.9829775346292632,1.0,6.5
490,4c07ac0f8a81c9b6b98a2790,0.9898894191595856,1.0,6.5
491,4b5af3bdf964a520efdb28e3,0.9730741473635199,1.0,5.8
492,4eaeff129911374b16adf1d0,0.9740565708299384,1.0,6.4
493,4aeb661ff964a520c1c121e3,0.9455127458968688,1.0,6.3
494,52ff8e94498e1e64e5d9bfc0,0.9582400186241415,1.0,6.4
495,4ad478bbf964a520f5e720e3,0.9617692934466302,3.0,6.3
496,4c87ac13821e9eb0eacd8d89,0.9534559422651612,1.0,6.2
497,4ae4a84ff964a520d69c21e3,0.9807635898032825,1.0,6.2
498,4ad45fd6f964a520ade720e3,0.9800768245838668,2.0,6.2
499,4e3a8cdfb3ade614e1272dc6,0.9937376324060063,2.0,6.2
500,5e5806046f5546000865d7fc,0.9872145268304039,1.0,
501,4b96b7cdf964a520fedf34e3,0.9438202770341054,1.0,5.1
502,4b3cf273f964a520498a25e3,0.9524665347456641,1.0,
503,4b3ce282f964a520f08825e3,0.9542847165638458,1.0,8.6
504,4bcc89e13740b713102d6465,0.9235781631940403,1.0,8.2
505,4bc9d2870687ef3bbd84dacc,0.9509579792806425,1.0,8.2
506,4b13ef42f964a520a19a23e3,0.9849237574205564,2.0,8.8
507,4f63ac43e4b08b476ea9693b,0.9312629495984169,1.0,7.7
508,4b76bcf1f964a520b05b2ee3,0.9327598649749738,1.0,7.8
509,4b12a45ef964a520c08b23e3,0.961208241182633,1.0,8.1
510,4b3bcba7f964a520527b25e3,0.9769852170876498,1.0,7.8
511,4e271607d16486291ba6b81e,0.9682155744383657,1.0,7.8
512,4ac518bef964a520f2a220e3,0.9594063554883017,1.0,8.2
513,4ae760f0f964a520caaa21e3,0.9623326737283203,1.0,8.1
514,4b7ef87cf964a520410d30e3,0.9789849842858805,1.0,8.4
515,4b7171f8f964a520fc462de3,0.9814596670934699,1.0,7.4
516,4ba65a51f964a520704939e3,0.9669374927249447,2.0,8.2
517,4ad0a83ff964a520efd820e3,0.9845303224304505,2.0,7.7
518,4ac518c7f964a52062a520e3,0.9693819113025259,1.0,7.9
519,4ad63de9f964a520fa0521e3,0.9686043533930858,3.0,7.9
520,4b5368dbf964a520769b27e3,0.9640530788033989,1.0,7.5
521,4ae32162f964a520bc9021e3,0.96468862763357,1.0,8.0
522,4ac518bef964a520f0a220e3,0.9829053660807822,1.0,7.7
523,4ac518bef964a520f3a220e3,0.966432312885578,2.0,7.9
524,4af1b9b4f964a52085e221e3,0.9907787219182865,1.0,7.7
525,4e7b7ccfe4cd1428e8127fc1,0.9743661971830986,1.0,7.5
526,4b8c07def964a520a5b932e3,0.9492538703294146,1.0,7.9
527,549f35ea498e7b2806b5e61d,0.9701501571411942,1.0,7.8
528,4bbf759ab083a593827aa3e9,0.962914678151554,1.0,7.8
529,4bfabb615efe2d7fd8056e34,0.9465044814340589,1.0,7.7
530,4b8ed000f964a520af3833e3,0.9736701198929112,2.0,7.8
531,4ac518bbf964a52010a220e3,0.9695751367710395,1.0,7.4
532,4ac518bef964a520eaa220e3,0.978931439878943,2.0,7.7
533,4b61dc68f964a520b5272ae3,0.9609358631125596,1.0,7.7
534,4ac518c5f964a520ada420e3,0.937194738680014,1.0,7.7
535,4ad07c89f964a52035d820e3,0.9679012920498196,1.0,7.7
536,4b3f6e05f964a520bea625e3,0.9761331626120359,2.0,7.6
537,4be591b8bcef2d7fbbf103e5,0.971013851705273,1.0,7.6
538,4ac518bef964a520eca220e3,0.9835828192294261,1.0,7.1
539,4ac518bdf964a520a4a220e3,0.9744034454661855,1.0,7.5
540,4ae49bbef964a520469c21e3,0.9631707600977767,1.0,6.7
541,4b55f7ebf964a52076f927e3,0.9091933418693982,1.0,6.8
542,4c41f6bbd691c9b6c4908d0a,0.9774997089977884,2.0,6.5
543,4b43c55df964a52041e925e3,0.9252263997206379,1.0,7.4
544,4c780417566db60c932e400e,0.9480246769875451,1.0,7.1
545,4ac518bdf964a520caa220e3,0.9410080316610406,1.0,7.3
546,4ac518bdf964a520c5a220e3,0.9392480502851822,1.0,6.6
547,4c3f64e7ce54e21e98fd071a,0.9814061226865324,1.0,7.0
548,56d87ec2498eb2bcd16a7e8b,0.9631102316377604,1.0,7.2
549,4ac518bdf964a520daa220e3,0.9723175416133163,1.0,7.2
550,4ad396fff964a52013e520e3,0.9317401932254685,1.0,7.2
551,4bcb040bb6c49c74f55b9191,0.9454592014899313,1.0,7.0
552,5c48c89e054e29002cacbd4e,0.9484413921545803,1.0,7.0
553,504e3928e4b0c8862c1ae038,0.9695076242579443,1.0,7.1
554,4bb9c73e53649c74a43948fb,0.9900523803980911,1.0,6.3
555,4b5af814f964a520c7dc28e3,0.9727645210103597,1.0,6.9
556,5345c9ef498efe4f11634433,0.9619089745082062,2.0,6.5
557,4ace4bc1f964a520b6cf20e3,0.9805866604586195,2.0,6.4
558,4ac518bdf964a520cfa220e3,0.9950762425794436,1.0,6.8
559,57ae03c938fa6c46b7e49fa1,0.9551437550925387,,6.7
560,4c20fcedebe52d7fbc7a3178,0.9663042719124665,1.0,6.8
561,4b1aa781f964a52078ee23e3,0.9716284483762077,2.0,6.5
562,4ba7da32f964a520f3b839e3,0.962416482365266,1.0,6.1
563,4b896c38f964a520d53432e3,0.9015597718542661,1.0,6.5
564,4bbb89833de8c9b67de199ad,0.9835548830171109,1.0,6.6
565,4c87ab18821e9eb00bcd8d89,0.9850331742521243,1.0,6.0
566,4bc88af60050b713108cba3b,0.9584984285880572,2.0,6.5
567,4b237ca4f964a520305624e3,0.9562937958328483,1.0,6.4
568,60789c8da8476a03b3b1424d,0.967279711325806,1.0,
569,4c0fd3c4f1b6a5938ae77a27,0.9833104411593528,1.0,6.3
570,4b54f18ff964a52068d427e3,0.9627517169130485,1.0,5.2
571,4d49c44c7d36f04d802915e5,0.9598021184961005,1.0,6.3
572,4ca38fddb0ff8cfa336eb85e,0.9316819927831451,1.0,6.3
573,5f9ae2ae2509a065d7133946,0.959005936445117,1.0,
574,4adb4034f964a5203b2521e3,0.9698149225934117,1.0,6.2
575,4b62b52cf964a520ca4f2ae3,0.8974880689093238,1.0,6.2
576,4ac518bdf964a520d6a220e3,0.9760121056920033,1.0,6.1
577,4b3f8551f964a52052a825e3,0.9625654754976137,1.0,
578,558884b0498e41a14ff28921,0.9010033756256548,1.0,
579,4b7c3a5af964a520d1852fe3,0.9603771388662554,1.0,5.9
580,616885be5c4b4665eb2d08e5,0.9318822023047375,1.0,
581,5d5821507180720008bb4f3e,0.9758584565242696,1.0,
582,59557a041108ba7e45fcff8e,0.9691817017809335,1.0,
583,4aeb5466f964a52003c121e3,0.9391200093120707,1.0,5.6
584,5c8d48a4f709c1002c6e9a4b,0.9760190897450821,1.0,
585,5cebe67cfb8e59002cfeae03,0.9543336049353975,1.0,
586,4b7ae887f964a5205b452fe3,0.9536561517867536,1.0,5.4
587,4ad5b9ddf964a5204d0321e3,0.9879455243859854,1.0,5.3
588,4d0f9a809302a35dbe14766e,0.9768501920614596,1.0,
589,4ac518bef964a520f1a220e3,0.9592480502851821,1.0,5.2
590,5a42b6f8cf72a02cf1b3dc0c,0.9498195786287976,1.0,8.6
591,4b00460bf964a520373c22e3,0.9856058666045862,1.0,8.1
592,505f0acbe4b023b9a060ef09,0.9749365615178676,1.0,8.2
593,561eb361498ead0189d03133,0.965722267489233,1.0,8.1
594,4baa8a91f964a52007733ae3,0.9820137353043883,1.0,7.6
595,4b86bdf5f964a520389a31e3,0.9484227680130369,2.0,7.9
596,4adba585f964a520b92921e3,0.9545128622977535,1.0,7.6
597,4ba5347df964a5209eeb38e3,0.9564846932836689,1.0,7.7
598,4b9ff731f964a520484e37e3,0.9325456873472239,1.0,7.0
599,4aef49d9f964a52041d721e3,0.9842300081480619,1.0,7.2
600,4b520317f964a5203f6127e3,0.9737865207775579,1.0,7.2
601,4f2188efe4b0cebcfb6406aa,0.9260551740193226,1.0,6.7
602,4bf6f3015317a5937e26fd7e,0.8782213944825981,1.0,6.7
603,4e569db51838c793c07a6251,0.5939704341752997,1.0,7.1
604,4c69c072b56e9c7461cfbd85,0.993071819345827,1.0,6.5
605,4b9bb0d2f964a520881a36e3,0.9138866255383541,1.0,7.0
606,4b3a7478f964a520be6725e3,0.9763659643813293,1.0,7.0
607,4b5c6c65f964a5202d2f29e3,0.944972645792108,1.0,6.7
608,4b843661f964a520d62731e3,0.9634850424863229,1.0,6.5
609,4be475f5bcef2d7fb19602e5,0.9653590967291351,1.0,6.2
610,4b9d0639f964a520608936e3,0.9821627284367361,1.0,6.7
611,4c87abb8821e9eb09bcd8d89,0.943552554999418,1.0,6.6
612,4b7c38ddf964a52079852fe3,0.9442067279711326,1.0,6.0
613,4c6fecd8b3ce224ba71d72c6,0.9442369922011408,1.0,6.5
614,4ac518c7f964a52050a520e3,0.9700291002211617,2.0,6.4
615,4c69be30cff29521cbdb195e,0.9006588290071005,1.0,
616,503652f0e4b0584f7ddee97b,0.9377162146432313,1.0,
617,4ba14e46f964a520ecaa37e3,0.5044697939704341,1.0,
618,4cd6862dd2f62d4356d87c6e,0.9837364683971598,1.0,
619,4ba2902ff964a520b10438e3,0.8638971016179723,1.0,6.1
620,583df0b4a19e90594a1aead5,0.9721475963217321,1.0,
621,503bd9b6e4b0824d0c5446b5,0.964867884995926,1.0,
622,4c8548d2d8086dcb638f9052,0.9265091374694447,1.0,
623,51097a06e4b0b82093aedad1,0.18821091840297988,1.0,
624,4cd5e7ee94848cfabebce9b1,0.9174927249447096,1.0,5.7
625,4bbb82e4ed7776b014893e51,0.9573530438831335,1.0,
626,4c8bf450509e3704fced2e55,0.9065207775579094,1.0,5.3
627,5196632b498e65175bb11873,0.914138051449191,1.0,
628,4bd824df5cf276b0ce859c00,0.9851984635083226,1.0,5.8
629,4b647ef8f964a52009b82ae3,0.35617506693050865,1.0,
630,4ef714165c5c68fa0b2360ec,0.852932138284251,1.0,
631,5df26e212de4900007460f9c,0.9671959026888605,1.0,
632,4f1c4963e4b085450794fe62,0.27672215108834824,1.0,
633,4d5abd888e1059417d9ae0e1,0.9603748108485625,1.0,
634,4d175c5fbb64224b95cabf65,0.9580584332440927,1.0,
635,611a06ecee061a01b5c8c25b,0.9545873588639273,1.0,
636,4c31762da0ced13a03bf136e,0.9475614014666511,1.0,
637,4c793c14df08a1cd1ae5d95d,0.9237155162379234,1.0,
638,4bb78c59314e95210a49479d,0.993251076708183,1.0,7.6
639,4c5c54d07735c9b61ff98b72,0.9314910953323245,1.0,7.5
640,4bb63ef546d4a5933aecc5c0,0.9656687230822955,1.0,7.3
641,4b796cadf964a520d5f82ee3,0.9633057851239669,,6.9
642,4da5fbe94df024212d540048,0.06857408916307764,1.0,
643,4d8f6ca6cb9b224b0d449a41,0.7159934815504598,1.0,
644,51c1ed73498eadedc29e151b,0.294850424863229,1.0,
645,4b37819df964a5209a4125e3,0.9648073565359097,1.0,6.0
646,4b65efd0f964a52095092be3,0.9798766150622745,1.0,6.1
647,4bb4f2dd29269c74d2dcca92,0.9816109882435107,1.0,5.8
648,4ba6ad64f964a520316839e3,0.9670050052380398,1.0,5.9
649,4c03ca77f56c2d7ffe4c1d66,0.02992433942497963,1.0,
650,4c7c12ec81bca09325110515,0.7323664299848679,1.0,
651,5efdd46c9024e00008561896,0.9475381212897218,1.0,
652,4d4987afb480a143e80825ec,0.88,1.0,
653,4b4b8faef964a52057a026e3,0.9527645210103597,1.0,5.7
654,4be5c1c3910020a13171d314,0.2886392736584798,1.0,
655,5877db1fd8b0ed220fb0bf65,0.8580956815271796,1.0,
656,510c650be4b0be8b2fb89966,0.5738074729367943,,
657,4b75c8c0f964a5207f242ee3,0.9880572692352462,1.0,5.0
658,4e8a16064901e444f6a7ab65,0.9872890233965779,2.0,8.9
659,4ad011bef964a52080d720e3,0.9828029333022931,2.0,8.8
660,4dc03e7c6a23e5a549e75316,0.9646979397043417,1.0,8.2
661,4b2e6888f964a520a3df24e3,0.985969037364684,2.0,9.1
662,4ad86c31f964a5204e1121e3,0.97363752764521,1.0,8.1
663,4e57e069d22d61e8f3408e62,0.9837550925387033,2.0,8.2
664,53d51a31498ed9172875b3e1,0.9731207077173787,1.0,8.6
665,4ac518c3f964a52047a420e3,0.976058666045862,2.0,8.5
666,4ad64b39f964a5205e0621e3,0.974920265394017,2.0,8.1
667,4ada4318f964a520a42021e3,0.9857036433476895,2.0,7.8
668,4b1a1fbaf964a520a7e723e3,0.9761960190897451,1.0,7.7
669,4ee61a462da504839760f91a,0.9960074496566174,1.0,7.9
670,5363e078498edd00c571a622,0.9807729018740542,1.0,9.0
671,4ae83bfef964a52047ae21e3,0.9647724362705157,2.0,8.6
672,4c4cbea0172b76b0fabe07d1,0.9712117332091724,2.0,8.4
673,4aea012ff964a52069b821e3,0.9618368059597253,1.0,7.9
674,4af0bf5cf964a520d0de21e3,0.9828285414969153,1.0,7.7
675,4bf015fb3a002d7f92a485a4,0.9527249447095798,1.0,8.4
676,4ad4f77af964a520040121e3,0.964583866837388,1.0,7.4
677,4b45dcabf964a5204e1126e3,0.9709440111744849,1.0,8.1
678,4ad870d4f964a520661121e3,0.9500779885927133,1.0,7.9
679,4ace1c4df964a52076ce20e3,0.9738749854498894,1.0,7.8
680,4b4613a0f964a520951526e3,0.9621743685252008,2.0,7.3
681,4ac518baf964a520dea120e3,0.9646257711558608,1.0,8.0
682,4ce30359fd6859418330da4e,0.9775532534047259,1.0,8.1
683,4bbb8d4451b89c74d05b862a,0.960994063554883,2.0,7.9
684,4cec1c920f196dcb70c55bae,0.9830403911069724,2.0,7.1
685,4ad3c191f964a52027e620e3,0.9646164590850891,1.0,7.8
686,4ac518c4f964a52069a420e3,0.9535420789197998,2.0,7.7
687,5704ca5b498e43e4d0f0fe79,0.9657292515423117,1.0,7.7
688,4f634969e4b0ce431bfee234,0.997623093935514,3.0,7.5
689,4c17ab5df1c976b06a89a272,0.983163776044698,2.0,7.5
690,4ac518c7f964a52058a520e3,0.9618903503666628,1.0,7.1
691,5c5215468c35dc002cee60f4,0.9645978349435456,1.0,7.6
692,55a3f8f3498edb7211af6ebf,0.9728110813642183,1.0,7.8
693,4bfed4a24e5d0f475b3a7d1f,0.9884763124199744,1.0,6.9
694,4be99dfb415e20a1990ce4bb,0.9714841112792457,1.0,7.4
695,5b5218ee835c9a00390ed6f2,0.9653358165522058,1.0,7.6
696,4ad0b80df964a5205ad920e3,0.9874426725643115,1.0,7.6
697,4bae8164f964a52091ba3be3,0.9842858805726924,1.0,6.8
698,4ad63a7ff964a520de0521e3,0.9685508089861483,1.0,7.6
699,4ace0943f964a52001ce20e3,0.9837457804679316,1.0,7.4
700,4b7fedcbf964a520fe4430e3,0.9806937492724944,1.0,7.5
701,4baa192ef964a5208d4a3ae3,0.9510185077406589,1.0,7.4
702,4ba4f3b0f964a520aac738e3,0.98671167500873,1.0,7.4
703,5669fc32498e5448d5cb16a2,0.9841601676172739,1.0,7.3
704,4b56fb55f964a520a22128e3,0.9626935164707252,1.0,7.4
705,4ada5c8ef964a520dd2121e3,0.9666138982656268,1.0,7.3
706,4ad3c1d8f964a52029e620e3,0.9532208124781748,1.0,6.7
707,4af06e30f964a520f4db21e3,0.9951134908625305,2.0,7.2
708,4cff51b16923721e82bfbe3b,0.9898940751949715,1.0,6.9
709,4b994269f964a520516e35e3,0.9922686532417646,1.0,6.4
710,4af9f45ff964a520891522e3,0.9865231055756024,1.0,6.3
711,4b2fb86ef964a52091ee24e3,0.9694890001164009,2.0,6.9
712,5bb3a29b3ba767002cacd8c9,0.9984169479688045,1.0,6.6
713,4b6de492f964a52077992ce3,0.9596042369922011,2.0,6.8
714,4bfea3e5ca1920a1a094eb81,0.978472820393435,2.0,6.3
715,4b62dc55f964a520f9552ae3,0.9867582353625888,2.0,6.5
716,4c424d876c1a952116c8b96a,0.9778838319171226,2.0,6.6
717,4b801f80f964a520375430e3,0.9976161098824351,2.0,6.6
718,4ad73549f964a520fd0821e3,0.9658479804446514,1.0,6.5
719,4b6c7629f964a520133c2ce3,0.9952834361541147,2.0,6.6
720,4c87ab30821e9eb020cd8d89,0.9847002677220347,1.0,6.3
721,4b59ed63f964a52089a128e3,0.9643417529973228,1.0,6.3
722,4b914716f964a52061af33e3,0.985366080782214,2.0,6.1
723,4b686220f964a52028752be3,0.9944476778023513,2.0,6.0
724,4b5092a7f964a520db2727e3,0.9837783727156326,1.0,6.1
725,4ad08fd2f964a52071d820e3,0.9827656850192061,3.0,5.9
726,4b57a91ef964a520493a28e3,0.9794436037713886,1.0,5.8
727,4baa3de8f964a520de563ae3,0.9667791875218251,1.0,5.7
728,4bc2232d461576b050e97c32,0.9871330462111512,2.0,5.7
729,4ac518c5f964a520a3a420e3,0.9663298801070889,1.0,
730,4af4f4fdf964a520adf721e3,0.9856989873123035,1.0,5.6
731,4b4ee026f964a520a9f626e3,0.9868257478756839,1.0,5.4
732,4b181b1bf964a520fecc23e3,0.9850750785705972,1.0,5.3
733,4c653ed03f69c9b6fea28ad9,0.9132045163543243,1.0,7.6
734,4b531dfdf964a5205d8f27e3,0.9339564660691422,1.0,7.2
735,4c8cfb7bf87e224b337a3905,0.9804725875916657,1.0,7.0
736,4c068d412e80a593cb4474f9,0.9713258060761262,1.0,6.5
737,4be43a635254d13a566860e1,0.9190455127458969,1.0,
738,4c012c3d147bd13a87af2a4d,0.8755208939587941,1.0,6.2
739,4ba280d0f964a52001ff37e3,0.9235362588755675,1.0,6.0
740,4c740e1eb474a1cdb57db5bf,0.9193737632406006,1.0,
741,4b9639d7f964a52065c134e3,0.990476079618205,1.0,5.9
742,4ec76cda9a52756c559d537a,0.5012128972180189,1.0,
743,4f775ea9e4b0f52db90cd032,0.9166406704690956,1.0,
744,4c20f8170110b71303a99ae7,0.9365428937259923,1.0,5.8
745,4fa66759e4b02443375ed1e4,0.9474892329181702,1.0,
746,4ca0869e03133704533e7bd5,0.8601862414154348,1.0,
747,4c00eb31147bd13a1ba52a4d,0.9758025840996392,1.0,
748,4c2dd14f7d85a593462853f3,0.9367384472121988,1.0,
749,58bdafef735a4d22f826723f,0.9302781981143057,,
750,4f231bfbe4b01b0c5e13a058,0.8848609009428472,1.0,
751,4bd32af5caff95214a2ad4f0,0.8978442556163427,1.0,
752,4c629469edd320a1bc2aad29,0.9190338726574322,1.0,5.4
753,523a07ad11d2e84580c1eced,0.9811779769526249,1.0,
754,5143263ce4b082a13120e6a2,0.31609358631125595,1.0,
755,4b58b3d9f964a5207b6628e3,0.9598184146199511,1.0,5.4
756,4bd85be6f645c9b6feb1a7e0,0.30134559422651613,1.0,
757,4c64251aec94a59390792dca,0.8471935746711675,1.0,
758,4d8b427c76e1236a16c62a43,0.9849447095797929,1.0,8.8
759,4ad640b8f964a520150621e3,0.9721499243394249,1.0,7.4
760,4b7477fef964a5206ede2de3,0.9828169014084507,1.0,8.3
761,4b47a16ef964a5202e3826e3,0.9563194040274706,1.0,7.5
762,4afad23cf964a520d21822e3,0.9676987545105343,1.0,7.9
763,4c6b01609669e21ee20caa51,0.9824560586660459,1.0,6.8
764,4bdc8b8cfed22d7f80ab58c9,0.9162984518682342,1.0,6.8
765,4b1bb356f964a520bafc23e3,0.9553579327202887,1.0,6.8
766,4bd3338477b29c7479319082,0.9845885228727739,1.0,6.6
767,552fdce0498eca93a5e1b9cc,0.9184961005703643,1.0,
768,4c51c4cb94790f4725149ba1,0.9181748341287393,1.0,
769,4dbf6b47fa8cc78a861259e8,0.1745547666162263,1.0,
770,4adc5b49f964a520d72b21e3,0.8951833313933186,1.0,
771,52bf242d498e37ca4ad62210,0.9545943429170062,1.0,
772,4d6e51bd30d5b1f78560c542,0.9058386683738796,1.0,
773,4db2f2556a23c31a02f6562f,0.9669910371318822,1.0,5.1
774,4c80dd3cd6ebbfb716db3ea4,0.91449423815621,1.0,
775,5270282811d29c0754485186,0.036265859620533115,1.0,
776,4f1c2551e4b044fd363c902c,0.9344709579792806,1.0,
777,4ae03d54f964a5205a7e21e3,0.9295728087533466,1.0,
778,4b2c0803f964a52002c024e3,0.9211267605633803,1.0,5.6
779,50e66b53e4b0bf9418afa3c2,0.8984239320218834,1.0,
780,4b1452e1f964a52031a123e3,0.9515236875800256,1.0,5.9
781,4b37bfa9f964a520764525e3,0.9351111628448376,1.0,
782,4c93d73d58d4b60cdfff2229,0.9252147596321733,1.0,
783,4b5888eef964a5209f5c28e3,0.9561331626120358,1.0,5.7
784,4d7a71cc7ea26ea82477c48f,0.05159120009312071,1.0,
785,4e7de3ecbe7bf691b67fc8a7,0.9211453847049238,1.0,
786,4dd42315fa7645a53c91f04c,0.9558281922942614,1.0,
787,4c2225149390c9b69f0acacd,0.9245815388196951,1.0,
788,4ba7ac48f964a52074a839e3,0.9564241648236527,1.0,
789,4da0d77ed686b60ca0a49828,0.534957513677104,1.0,
790,4b6580f8f964a520a2f22ae3,0.884011174484926,1.0,5.4
791,5363e078498edd00c571a622,0.9807729018740542,1.0,9.0
792,4aeb21def964a520cbbe21e3,0.9852170876498662,1.0,8.8
793,4ace1828f964a52059ce20e3,0.9787824467465953,2.0,8.4
794,4ace3ee6f964a5205fcf20e3,0.9773879641485276,2.0,8.8
795,4acf5df2f964a52042d320e3,0.9819113025258992,2.0,8.5
796,4ace246df964a520a9ce20e3,0.9757816319404028,1.0,8.0
797,4ac518c5f964a520c4a420e3,0.9776929344663019,2.0,7.6
798,5904c67df00a703cd15fc5ea,0.9861203585147247,1.0,8.8
799,4e240dd93151306f89294146,0.9843627051565592,2.0,8.4
800,4b472756f964a520072c26e3,0.9557909440111745,2.0,9.0
801,4b49e9fcf964a520e57526e3,0.9911395646606914,1.0,8.5
802,4ac518c3f964a52043a420e3,0.9889931323478058,1.0,8.5
803,511e7cd0e4b0eaecfc0f759c,0.9776370620416716,2.0,8.5
804,4ac518bff964a52024a320e3,0.9835199627517169,2.0,8.6
805,4c056af8761ac9b6cb7e1f74,0.9700081480619253,1.0,8.3
806,4ac518c5f964a520d8a420e3,0.9872401350250262,1.0,8.2
807,534000f5498e37d3658f0a9e,0.9890047724362705,1.0,8.3
808,4ad46036f964a520afe720e3,0.9637038761494587,1.0,8.5
809,4e57e069d22d61e8f3408e62,0.9837550925387033,2.0,8.2
810,4ac518c3f964a52041a420e3,0.978258642765685,1.0,8.2
811,4af49c85f964a52052f421e3,0.9886462577115586,1.0,8.2
812,4c2121f599282d7f751e65b0,0.9661925270632057,1.0,8.0
813,4b929a6df964a520d80834e3,0.9796833895937609,1.0,8.0
814,4ac518c5f964a520d5a420e3,0.9893400069840531,1.0,8.1
815,4ac518baf964a520d5a120e3,0.9902619019904552,2.0,8.2
816,4ad21558f964a5204edf20e3,0.9822279129321383,2.0,8.0
817,4ad86c31f964a5204e1121e3,0.97363752764521,1.0,8.1
818,4ac518c3f964a52034a420e3,0.9895378884879525,2.0,8.0
819,4ad773bdf964a520b40a21e3,0.9870259573972762,2.0,7.9
820,4ad78c64f964a5200f0c21e3,0.9875241531835642,2.0,7.7
821,4f634969e4b0ce431bfee234,0.997623093935514,3.0,7.5
822,4ee61a462da504839760f91a,0.9960074496566174,1.0,7.9
823,4ad85d94f964a520161121e3,0.9871074380165289,2.0,7.2
824,533db0c7498ea92059b86d00,0.9883925037830288,2.0,7.7
825,4b634d25f964a520b0702ae3,0.987282039343499,1.0,7.8
826,52a240d711d2761b153af949,0.9765335816552205,1.0,7.4
827,4abdc1c7f964a5206d8b20e3,0.9738167850075661,2.0,7.3
828,4b1a1fbaf964a520a7e723e3,0.9761960190897451,1.0,7.7
829,4cc1f77bbde8f04db9559b4b,0.9854941217553254,1.0,7.4
830,4ada5c8ef964a520dd2121e3,0.9666138982656268,1.0,7.3
831,4af06e30f964a520f4db21e3,0.9951134908625305,2.0,7.2
832,4cff51b16923721e82bfbe3b,0.9898940751949715,1.0,6.9
833,4afd6abff964a520b62722e3,0.996980561052264,1.0,7.0
834,4bfed4a24e5d0f475b3a7d1f,0.9884763124199744,1.0,6.9
835,4aec421af964a520b5c521e3,0.965473169596089,1.0,6.9
836,4b8e9757f964a520a22a33e3,0.972897218018857,1.0,6.9
837,5bb3a29b3ba767002cacd8c9,0.9984169479688045,1.0,6.6
838,4b62dc55f964a520f9552ae3,0.9867582353625888,2.0,6.5
839,4b59ed63f964a52089a128e3,0.9643417529973228,1.0,6.3
840,4ad3b7b9f964a520e1e520e3,0.9640111744849261,1.0,6.2
841,4c87ab30821e9eb020cd8d89,0.9847002677220347,1.0,6.3
842,4ad9cbdbf964a520ee1a21e3,0.9870562216272843,2.0,6.5
843,4bbe1f3cb42aef3b02724bc3,0.9934489582120825,1.0,6.4
844,4bc2232d461576b050e97c32,0.9871330462111512,2.0,5.7
845,4b914716f964a52061af33e3,0.985366080782214,2.0,6.1
846,4b61ca0ef964a520f2222ae3,0.9909928995460365,2.0,6.2
847,4b686220f964a52028752be3,0.9944476778023513,2.0,6.0
848,4b57a91ef964a520493a28e3,0.9794436037713886,1.0,5.8
849,4ad08fd2f964a52071d820e3,0.9827656850192061,3.0,5.9
850,4af49568f964a52010f421e3,0.9717099289954604,3.0,5.9
851,50c23072e4b05fe30fa98f1b,0.9666860668141077,1.0,6.0
852,4b50af87f964a520722d27e3,0.9935746711675009,1.0,5.9
853,4ae346baf964a520c09221e3,0.9818042137120242,1.0,5.5
854,4ad36684f964a5202ce420e3,0.9976743103247585,1.0,5.9
855,4c87aaf9821e9eb0ebcc8d89,0.9930043068327319,2.0,5.7
856,5e5806046f5546000865d7fc,0.9872145268304039,1.0,
857,61787141ddcd6e085d4385ce,0.9776044697939704,1.0,
858,4b3b5363f964a5207e7225e3,0.9658060761261785,1.0,8.2
859,4dd56b1d6365d68ffa75f789,0.953963450122221,1.0,7.9
860,4ac518bef964a52005a320e3,0.9828378535676872,1.0,8.2
861,4b6728c9f964a520823e2be3,0.9633663135839833,1.0,8.4
862,4aff2919f964a520263522e3,0.968422768013037,1.0,8.9
863,4b191af6f964a5200dd823e3,0.9763682923990222,1.0,7.8
864,4ac518bdf964a520d0a220e3,0.9834757304155511,3.0,8.1
865,4b13ef42f964a520a19a23e3,0.9849237574205564,2.0,8.8
866,4ba65a51f964a520704939e3,0.9669374927249447,2.0,8.2
867,4ae760f0f964a520caaa21e3,0.9623326737283203,1.0,8.1
868,4ace407ef964a5206ccf20e3,0.9683552554999418,3.0,8.4
869,4af1b9b4f964a52085e221e3,0.9907787219182865,1.0,7.7
870,4ac518bcf964a52088a220e3,0.9945803748108486,1.0,7.4
871,4b719a70f964a5206e502de3,0.9737329763706204,1.0,8.1
872,4ac518bef964a520f0a220e3,0.9829053660807822,1.0,7.7
873,4df2585618386ecb4e2c1bb9,0.9674356885112327,1.0,8.0
874,4bd1d4da9854d13aa64efa4d,0.9482528227214527,1.0,7.6
875,4ac518bef964a520fba220e3,0.9569479688045629,1.0,7.3
876,4ad63de9f964a520fa0521e3,0.9686043533930858,3.0,7.9
877,4b8ed000f964a520af3833e3,0.9736701198929112,2.0,7.8
878,4bc22283abf49521cf06c293,0.9468350599464556,1.0,6.8
879,4bcdf67ecc8cd13ad679c3cf,0.9860691421254801,1.0,7.7
880,4bb198a7f964a5204d9b3ce3,0.9602910022116168,1.0,7.3
881,4bc8964015a7ef3b8e617bda,0.9808497264579211,1.0,7.6
882,4be591b8bcef2d7fbbf103e5,0.971013851705273,1.0,7.6
883,4ad20635f964a520e5de20e3,0.9614969153765569,1.0,7.5
884,4b92e328f964a520812434e3,0.9429961587708067,1.0,7.5
885,4ac518bdf964a520cfa220e3,0.9950762425794436,1.0,6.8
886,4ac518bcf964a52094a220e3,0.9784285880572693,1.0,6.5
887,4ac518bef964a520f9a220e3,0.9988196950296823,1.0,7.0
888,4b506e8df964a5201b2327e3,0.9931672680712373,1.0,6.7
889,4c3f64e7ce54e21e98fd071a,0.9814061226865324,1.0,7.0
890,4bbb89833de8c9b67de199ad,0.9835548830171109,1.0,6.6
891,4ac518bef964a520f5a220e3,0.9885834012338494,1.0,6.7
892,4acf370af964a520bed220e3,0.9544872541031312,1.0,6.8
893,51dae2c9498eee1e84a07404,0.9751530671633104,1.0,6.7
894,4b2bd1f2f964a520aebb24e3,0.9807519497148178,2.0,6.6
895,60cb5f0ccd73f417aa28ebdb,0.9875916656966593,1.0,6.6
896,4b4e0847f964a520f2de26e3,0.9819974391805377,1.0,6.6
897,4ac518bbf964a5203ca220e3,0.9912932138284251,1.0,6.4
898,4ad8c647f964a520851421e3,0.9651425910836923,1.0,6.6
899,4ace4bc1f964a520b6cf20e3,0.9805866604586195,2.0,6.4
900,4b116238f964a520597b23e3,0.9796298451868234,1.0,6.4
901,4b940d56f964a520606434e3,0.9956116866488185,2.0,6.2
902,4b5f40b5f964a5202ab029e3,0.9729111861250146,1.0,6.4
903,4b395cfff964a5205a5b25e3,0.9871702944942382,1.0,6.4
904,5d9a1c4274a03a0008ce7c3f,0.9855546502153416,1.0,
905,4ac518bdf964a520cca220e3,0.9727971132580607,1.0,5.7
906,4ad8db44f964a520561521e3,0.9517820975439414,1.0,6.3
907,4af87765f964a520860d22e3,0.9797252939122337,1.0,6.2
908,4b6c5634f964a520b0312ce3,0.9888650913746945,1.0,6.0
909,4ac518bdf964a520cba220e3,0.977017809335351,1.0,5.6
910,4b75c858f964a52063242ee3,0.9895122802933303,1.0,5.7
911,4b2d579bf964a520a6d424e3,0.9962425794436037,1.0,5.8
912,4bb4e8cc0ef1c9b64298f412,0.9650401583052031,1.0,5.8
913,4b1e910df964a520bd1b24e3,0.9957956000465603,1.0,5.8
914,4b0e8c76f964a520615823e3,0.9859294610639041,1.0,5.7
915,4bf528c46a31d13a7b81962e,0.9832941450355023,1.0,5.4
916,4bbdfb518ec3d13a0db41c28,0.9747968804562914,1.0,8.4
917,4b814b8ff964a5200a9e30e3,0.9651286229775347,1.0,8.7
918,4bd4a7ea6f64952158d76dec,0.9410382958910488,1.0,8.1
919,4c2f487f16adc9280e39bd9c,0.9729554184611803,1.0,8.9
920,4ca22cc5d7c33704ef2c9662,0.9376812943778373,1.0,7.6
921,4ac518bcf964a52087a220e3,0.9626190199045512,1.0,7.6
922,5300f2b011d2b268f6363ea6,0.9418042137120242,1.0,8.3
923,4b54ca6cf964a52098cc27e3,0.9657432196484693,1.0,8.0
924,4b82c4d2f964a520a5e330e3,0.9160609940635549,1.0,7.3
925,4bdab41ac4e5952123bc6a08,0.9329530904434874,1.0,7.4
926,4bf288c020960f473e556e2f,0.9522546419098143,1.0,8.0
927,4f918af5e4b0780fc52ec48b,0.9527179606565009,1.0,7.3
928,4e1419ebb3ad51e832e98fc1,0.9017157490396926,1.0,7.8
929,4c4afa13959220a1b532e50e,0.6736002793621232,1.0,7.4
930,4ba6728ff964a5207c5339e3,0.8987172622511931,1.0,6.7
931,4c75413c1b30a09338c4ee09,0.9908256880733946,1.0,7.5
932,4bec2db0b3352d7f0f5757d2,0.9394133395413805,1.0,7.5
933,4ba12f1df964a520d79f37e3,0.9754580374810848,1.0,6.5
934,4b7ff66df964a520324730e3,0.8776758409785933,1.0,7.3
935,4b6c7111f964a520683a2ce3,0.944954128440367,1.0,7.3
936,53a3302c498ea4f0852d8f42,0.9695774647887324,1.0,7.1
937,4b50ff3df964a520a93c27e3,0.9329461063904085,1.0,6.7
938,4ba151fff964a5204aac37e3,0.9409754394133395,1.0,7.2
939,4d58ff035e7788bf0380839e,0.8472028867419392,1.0,6.4
940,4c9f59f919e4236aabee5789,0.9507950180421372,1.0,6.3
941,562d09d4498eb208288dda65,0.9168920963799325,1.0,6.9
942,4b8bbed3f964a5204ca932e3,0.9155465021534164,1.0,6.9
943,4afdb68ff964a5201c2a22e3,0.9568501920614597,1.0,6.5
944,4b530727f964a520f48c27e3,0.926397392620184,1.0,6.7
945,4bd1e61ab221c9b6d874d6d0,0.9119147945524386,1.0,6.8
946,4bc1dbeb4cdfc9b6c01d9521,0.9544919101385171,1.0,6.3
947,4c87ab4c821e9eb03ecd8d89,0.988420439995344,2.0,6.1
948,4bb7363f6edc76b0a3e3311c,0.9419601908974509,1.0,6.2
949,4bf58e3f493c2d7f16db4785,0.9255383540914911,,5.8
950,4b5f5a07f964a520a4b529e3,0.9018567639257294,1.0,6.6
951,4e46824462845e1d3c91d3c3,0.9493563031079036,1.0,6.5
952,4bc626a804e8b7131087352d,0.9544174135723431,1.0,6.2
953,4b48b917f964a520265426e3,0.9787847747642882,1.0,6.2
954,4b5f1d01f964a520caa629e3,0.9128529856826912,1.0,5.4
955,4b6ca835f964a520e6492ce3,0.91570015132115,1.0,5.3
956,4d1b8ee82dd93704e15b43b5,0.43717378652077754,1.0,
957,5c65b8bc7c891c003a7a0508,0.9509393551390991,1.0,
958,4beeb3eb3686c9b620ce246e,0.9748667209870795,1.0,5.8
959,4dc4584b18387d1bd5210be2,0.29772552671400304,1.0,
960,4e3f0bb6b0fb875af87800b0,0.8544523338377372,1.0,
961,4baf7b5cf964a52075033ce3,0.8893912233732977,1.0,
962,4f188782e4b01bd097f1e946,0.6154510534280061,1.0,
963,4bc9bdd6511f9521b520aec7,0.9183052031195437,1.0,6.1
964,4b62be6af964a52001512ae3,0.954529158421604,1.0,
965,4cb9c5a00180721e35119661,0.8973204516354324,1.0,5.6
966,4badce3ef964a520576a3be3,0.930764753812129,1.0,
967,4ad9f157f964a520221c21e3,0.9366476545221744,1.0,5.9
968,4c6d313f1fb2a143cc62fde6,0.8559678733558375,1.0,
969,4c14ce53b7b9c9281cddab37,0.8042813455657493,1.0,5.6
970,4bafcd23f964a520df213ce3,0.9673053195204283,1.0,5.4
971,5d8d13e8da635b000806e8a2,0.6437131882202305,1.0,
972,4e8715536da10df6e463b518,0.6365126294959842,1.0,
973,4bdc52cec79cc928bafe85e9,0.6692259341170993,1.0,
974,4c121accb2510f470cfec398,0.12326620882318706,1.0,
975,4c28f8a09eb1952197a32959,0.9235474006116208,1.0,
976,4c13c77b82a3c9b6c90dfcf8,0.947847747642882,1.0,
977,4be1c4e9a145c92811844e80,0.9337306483529275,1.0,
978,5266f5ed11d2b98c8e36f81a,0.7798165137614679,1.0,
979,5d7a2f0fa189490008f0a4f5,0.9204892966360856,1.0,
980,4cbca8727148f04d6ee6e8ab,0.31470841578395997,1.0,
981,542aeb3b498e5227edba2428,0.9906064486090095,1.0,8.9
982,4ae9977bf964a5203eb521e3,0.9798160866022582,2.0,8.5
983,4dab37d78154abafc2be3377,0.9296915376556861,1.0,8.4
984,4ccb1efc566aa093cbcf18fd,0.9882225584914446,2.0,9.0
985,4ac518c3f964a5203ca420e3,0.9872983354673496,2.0,8.3
986,4ac518bff964a52024a320e3,0.9835199627517169,2.0,8.6
987,4aec40e1f964a520b0c521e3,0.9948294727039926,2.0,8.0
988,4ac518bef964a52010a320e3,0.9931486439296938,2.0,8.3
989,4adf266af964a520df7721e3,0.9889116517285531,2.0,8.3
990,4be7f1dd88ed2d7f1e39cb1d,0.9708695146083111,2.0,8.2
991,4b784f68f964a52040c42ee3,0.9869491328134093,2.0,7.9
992,4af49c85f964a52052f421e3,0.9886462577115586,1.0,8.2
993,4ac518baf964a520d5a120e3,0.9902619019904552,2.0,8.2
994,4ac518c3f964a52043a420e3,0.9889931323478058,1.0,8.5
995,4ace2e9ef964a520e1ce20e3,0.9845605866604586,2.0,8.5
996,4ac518c3f964a52041a420e3,0.978258642765685,1.0,8.2
997,4ad61fd1f964a520330521e3,0.9915143755092539,1.0,7.7
998,4ad785bbf964a520bf0b21e3,0.9891374694447678,2.0,8.1
999,4b3f6928f964a5207fa625e3,0.9793318589221278,1.0,7.7
1000,4aec9f4bf964a52091c921e3,0.9644022814573391,2.0,8.2
1001,4ac518c5f964a520d5a420e3,0.9893400069840531,1.0,8.1
1002,4adefb6cf964a520f77621e3,0.9779257362355954,1.0,7.4
1003,4b634d25f964a520b0702ae3,0.987282039343499,1.0,7.8
1004,4b8e4297f964a5202c1d33e3,0.9941077872191829,1.0,8.0
1005,4b2a2be5f964a520c1a524e3,0.9842928646257711,1.0,7.9
1006,5c506375f427de002c2e7d44,0.9960563380281691,1.0,7.9
1007,4bc8964015a7ef3b8e617bda,0.9808497264579211,1.0,7.6
1008,4adcb6b2f964a520022f21e3,0.9703503666627866,,7.7
1009,4ad0963ef964a52093d820e3,0.9852706320568037,2.0,7.9
1010,4c741edcc219224b79f39e28,0.9895937609125829,3.0,8.0
1011,4ac518bef964a520faa220e3,0.9938586893260388,1.0,7.6
1012,4ad4dc51f964a5204bfc20e3,0.9953975090210686,2.0,7.4
1013,4c7944a8794e224b83cd6428,0.9785100686765219,1.0,7.4
1014,4b65b260f964a52023fa2ae3,0.9855942265161215,2.0,7.6
1015,4ad26ce6f964a52091e120e3,0.9954091491095333,2.0,7.4
1016,4ac518baf964a520d4a120e3,0.9895658247002678,1.0,7.3
1017,4ac518c5f964a520d4a420e3,0.9966173902921662,1.0,7.0
1018,4b21114bf964a5208f3624e3,0.988134093819113,1.0,7.0
1019,55f2d6a2498e4a19576e08b5,0.9849214294028634,1.0,7.4
1020,4ac518bef964a520f9a220e3,0.9988196950296823,1.0,7.0
1021,4ad9b52af964a5207a1a21e3,0.9910604120591316,3.0,6.9
1022,4ae09d26f964a520f08021e3,0.9839669421487603,1.0,7.0
1023,4abdc1c7f964a5206d8b20e3,0.9738167850075661,2.0,7.3
1024,4ac518bcf964a5208fa220e3,0.9906274007682458,2.0,6.9
1025,4ada5c8ef964a520dd2121e3,0.9666138982656268,1.0,7.3
1026,578920f6498e94398f3c3a54,0.9839343499010592,1.0,6.9
1027,4ad364e6f964a5201fe420e3,0.9953625887556745,2.0,7.2
1028,4ac518c3f964a52045a420e3,0.988704458153882,3.0,7.1
1029,4afd6abff964a520b62722e3,0.996980561052264,1.0,7.0
1030,4ac518bcf964a52069a220e3,0.9918519380747294,1.0,6.7
1031,4ac518bcf964a52097a220e3,0.9768455360260738,1.0,6.9
1032,4b8e9757f964a520a22a33e3,0.972897218018857,1.0,6.9
1033,4af06e30f964a520f4db21e3,0.9951134908625305,2.0,7.2
1034,4ad204d6f964a520dfde20e3,0.9735025026190199,2.0,6.9
1035,4aec421af964a520b5c521e3,0.965473169596089,1.0,6.9
1036,4f19a7b3e4b088d4a00fcc4f,0.9762030031428239,1.0,6.6
1037,4ac518bef964a520fca220e3,0.9904295192643464,1.0,6.9
1038,4ad771e0f964a5208f0a21e3,0.9840693749272494,2.0,6.8
1039,4ba3cc12f964a520736038e3,0.9721336282155745,1.0,6.8
1040,4b5c746ff964a520b43029e3,0.9943266208823187,2.0,7.0
1041,4b0fd340f964a5203b6523e3,0.9823163776044698,2.0,6.8
1042,4c07de0d708c2d7f0da0ca63,0.9942172040507508,2.0,6.5
1043,4ac518bef964a520f5a220e3,0.9885834012338494,1.0,6.7
1044,4b5f40b5f964a5202ab029e3,0.9729111861250146,1.0,6.4
1045,4b1d3fb8f964a5209c0d24e3,0.9751181468979164,1.0,6.6
1046,4b7daaeff964a52075cd2fe3,0.9890490047724363,1.0,6.6
1047,4bb9014a314e95216908499d,0.9929624025142592,1.0,6.8
1048,4b674306f964a52085442be3,0.9876940984751484,1.0,6.3
1049,4ad9cbdbf964a520ee1a21e3,0.9870562216272843,2.0,6.5
1050,4ac518bbf964a5203ca220e3,0.9912932138284251,1.0,6.4
1051,4ad8c1c7f964a520651421e3,0.9901687812827378,1.0,6.3
1052,4b2cdda1f964a52011ca24e3,0.9735513909905715,1.0,6.5
1053,4ae49b93f964a520449c21e3,0.9954394133395413,2.0,6.5
1054,4bbe1f3cb42aef3b02724bc3,0.9934489582120825,1.0,6.4
1055,4ac518c3f964a52042a420e3,0.9859364451169829,1.0,6.4
1056,4aef2314f964a520f0d521e3,0.9744337096961937,1.0,6.0
1057,4ee61a462da504839760f8b3,0.9916726807123735,1.0,5.7
1058,4b61ca0ef964a520f2222ae3,0.9909928995460365,2.0,6.2
1059,4ad0fbbdf964a520b5db20e3,0.9801443370969619,2.0,5.9
1060,4b940d56f964a520606434e3,0.9956116866488185,2.0,6.2
1061,4b1e910df964a520bd1b24e3,0.9957956000465603,1.0,5.8
1062,4c0fbb3cc6cf76b0c1bf8251,0.9773530438831335,1.0,5.9
1063,4ad3b7b9f964a520e1e520e3,0.9640111744849261,1.0,6.2
1064,4bdaa3c02a3a0f476b95abb6,0.9856081946222791,1.0,5.7
1065,4b2d579bf964a520a6d424e3,0.9962425794436037,1.0,5.8
1066,4af49568f964a52010f421e3,0.9717099289954604,3.0,5.9
1067,4c87aaf9821e9eb0ebcc8d89,0.9930043068327319,2.0,5.7
1068,4b50af87f964a520722d27e3,0.9935746711675009,1.0,5.9
1069,57c5dd14498e8d1389684ad6,0.955807240135025,1.0,8.5
1070,4c2e5364a0ced13a88a40e6e,0.9701105808404143,1.0,8.7
1071,4b08f77ef964a5209e1323e3,0.9768082877429869,1.0,8.0
1072,4b543769f964a520c2b427e3,0.9642346641834478,2.0,8.6
1073,4b6ef478f964a5200ed32ce3,0.9762891397974625,2.0,8.9
1074,4b3a4287f964a520256325e3,0.9524246304271913,1.0,8.1
1075,4b1a7b28f964a520efea23e3,0.9761145384704923,1.0,8.7
1076,4b40f6c3f964a5205ebe25e3,0.7070701897334419,2.0,8.0
1077,4b2fe171f964a520e1f124e3,0.9677546269351647,1.0,8.0
1078,4b773baef964a5202d8a2ee3,0.9388569433127691,1.0,8.1
1079,53937daf498eb0e46cf0882f,0.923906413688744,1.0,8.2
1080,4dfe102ce4cdbe059c3e69f5,0.9741892678384356,1.0,8.7
1081,4b225c72f964a520e44524e3,0.9709603072983355,1.0,8.4
1082,4bd46aab7b1876b0faee8886,0.9545058782446747,1.0,7.7
1083,4b0803f0f964a5204e0223e3,0.9893702712140612,1.0,7.4
1084,4aef6c2cf964a5204fd821e3,0.9629938307531137,1.0,8.4
1085,4b9ae558f964a520a7e035e3,0.9340635548830171,1.0,8.1
1086,4af5ebc6f964a520d7fe21e3,0.9689977883831917,1.0,8.2
1087,4f4fc093e4b07dc4f09da447,0.9563333721336282,1.0,7.9
1088,4b43bfa7f964a52057e825e3,0.9784984285880572,2.0,7.8
1089,4b89a9eaf964a520234a32e3,0.9821906646490514,1.0,7.3
1090,4ac518dbf964a520eba820e3,0.9909812594575719,2.0,7.9
1091,4ef6381b30f894d8678141bf,0.9878803398905832,1.0,7.9
1092,5c5cb89275eee40039715bb0,0.9831381678500757,1.0,7.6
1093,4bd20cd49854d13affd4fa4d,0.9835711791409615,2.0,7.7
1094,4ce7fbe3d99f721eac8cad73,0.9831986963100919,1.0,7.4
1095,4b0c65d1f964a520753c23e3,0.9609265510417879,1.0,7.3
1096,4bdc94beccf52d7f5b6c786d,0.9453847049237574,1.0,7.1
1097,4b645d57f964a52084ad2ae3,0.9795134443021767,1.0,7.2
1098,4cd3424c08f48cfa20469f85,0.9682318705622163,1.0,7.4
1099,4bc20cf2920eb7134b881b2c,0.9665556978233034,1.0,6.9
1100,4ad0c5dcf964a520b4d920e3,0.9573972762192993,1.0,7.1
1101,4b228701f964a5205c4824e3,0.9795413805144919,1.0,7.2
1102,5a1715646dcf0423137a0cbe,0.8636130834594343,1.0,6.4
1103,4c5741066201e21e0d1b766e,0.9132021883366314,1.0,6.9
1104,4ba669abf964a520c04f39e3,0.8959795134443022,1.0,6.2
1105,4bf41d086a31d13aa45d952e,0.9347316959608893,1.0,5.9
1106,4bae253ef964a520c1893be3,0.9313770224653707,1.0,6.5
1107,4bcb3f54cc8cd13afbf1becf,0.9818531020835758,1.0,6.4
1108,4b6ebfb2f964a520e2c82ce3,0.9960121056920033,1.0,6.3
1109,4ba529bef964a52025e638e3,0.9905063438482132,1.0,6.4
1110,4c221e7199282d7f5e9066b0,0.9663857525317192,1.0,6.5
1111,4df3da0b45dd4e2693423ac7,0.9654964497730183,1.0,
1112,5cba1d2ac876c80039dd9838,0.9429635665231055,1.0,6.4
1113,4b5494c1f964a5200ac127e3,0.9468769642649284,1.0,6.4
1114,56902c06498ee136327a6816,0.8692957746478873,1.0,
1115,4bb63f21f562ef3b70da2f97,0.9692631824001863,1.0,5.9
1116,4b703db2f964a520700d2de3,0.9562588755674543,1.0,6.0
1117,4b7b0c6df964a520734e2fe3,0.6440926551041788,1.0,
1118,4c015e0f716bc9b61eb8bb55,0.92735420789198,,6.2
1119,4b000e9ef964a520953a22e3,0.9773088115469678,1.0,6.3
1120,4ac518c6f964a52012a520e3,0.9645349784658364,1.0,5.9
1121,4d65502f4e1ea1cdb3204fb9,0.3018274938889536,1.0,
1122,4cf023c48333224b8951028e,0.9506972412990339,1.0,
1123,4cfe7603ee9cb60c94e79fad,0.949342335001746,1.0,5.7
1124,54da70f4498e72aeca0158f3,0.6929880107088814,1.0,
1125,4bfedfa968c7a5935fd03f44,0.9423582819229426,1.0,
1126,4b6c6a47f964a52044382ce3,0.9502828541496915,1.0,5.8
1127,4c370bf6dfb0e21e86ffaba8,0.9194622279129321,1.0,
1128,4cc1c6da91413704e980af55,0.9298544988941916,1.0,
1129,4ba4f655f964a52029c938e3,0.9117285531370038,,5.3
1130,4d8cf48bcb9b224be04e6141,0.8893586311255965,1.0,
1131,4c6bd919599fbe9a3c7e933f,0.9144569898731231,1.0,
1132,4b17e64bf964a5206ac923e3,0.8663531602840182,1.0,5.6
1133,5c7c407e65211f002c3a671e,0.6686695378884879,1.0,
1134,5055f06de4b0e5434d5d5b27,0.6706879292282621,1.0,
1135,5d0a80d6a35f460025affc59,0.9732091723897102,1.0,
1136,556f0fc9498e8a8ed316ada1,0.8926876964264928,1.0,
1137,4e74ffbd8998ed82a4542098,0.5770038412291933,1.0,
1138,4e8ddba54fc653e47d21ed7d,0.8632382726108718,1.0,
1139,4dd7b45b1f6ee14683287647,0.9592387382144104,1.0,
1140,4c87aa9c821e9eb095cc8d89,0.9849423815620999,1.0,5.0
1141,4ee4b4c9754a7cc6f60dc574,0.8507321615644279,1.0,
1142,4ac518c0f964a5209ca320e3,0.8850517983936678,1.0,5.2
1143,4e45978562845e1d3c8625f4,0.8779350483063671,1.0,
1144,4c056bb591d776b00265f7f9,0.8469747410080316,1.0,5.2
1145,51448014e4b0554c23658186,0.9801722733092771,1.0,8.5
1146,4b5b2ca2f964a520a9e828e3,0.9854033290653009,1.0,8.1
1147,532db4dc498e0d334196f60e,0.9597346059830054,1.0,7.9
1148,4c01395bcf3aa5937da6ccb0,0.9700430683273192,1.0,8.1
1149,4b13f960f964a520229b23e3,0.9653381445698987,2.0,8.8
1150,4b78098cf964a5200ab32ee3,0.9450471423582819,1.0,8.7
1151,4cfbb26ac51fa1cd7111e82b,0.9738936095914329,1.0,8.2
1152,4af1d091f964a5206be321e3,0.9713514142707484,2.0,8.0
1153,55d62a9f498ed45ed4901690,0.9658922127808172,1.0,7.8
1154,4b0ac246f964a520652723e3,0.9577464788732394,3.0,8.0
1155,4ac518c5f964a520b8a420e3,0.9605889884763125,1.0,7.8
1156,4bd9ef702a3a0f4760f8a8b6,0.9632243045047142,1.0,7.5
1157,50897571e4b0ef136050d914,0.912752880921895,2.0,7.6
1158,4b8561a0f964a5203f5a31e3,0.9800814806192527,2.0,7.3
1159,4ba6255ff964a520e13639e3,0.9567244791060412,1.0,7.3
1160,570c1795498e64f17c3f1d39,0.193746944476778,1.0,7.1
1161,4d4da27713d88cfaf5a70bda,0.8700477243627052,1.0,6.2
1162,4ad76bb2f964a5203d0a21e3,0.9590967291351414,1.0,7.0
1163,4b7f1144f964a5201a1430e3,0.9895052962402514,,6.5
1164,4b2fccfdf964a5202af024e3,0.9831661040623909,1.0,6.6
1165,4b5b4f03f964a52079f328e3,0.9374135723431498,1.0,6.5
1166,5a21b10f588e364033b15115,0.9433546734955186,1.0,6.2
1167,4c62c031edb29c744e502da7,0.9878384355721104,1.0,
1168,4bebc5fb9fa3ef3b514580c9,0.9885764171807706,1.0,6.2
1169,4c2bc6cb57a9c9b6bc74f667,0.9822325689675242,1.0,5.9
1170,4e97556e4690641441e07f9f,0.9756256547549761,1.0,
1171,4b618f82f964a520a3172ae3,0.8851006867652195,1.0,6.1
1172,4c6800f69cedd13abe5379a1,0.9714957513677104,1.0,
1173,4b7da5f5f964a52020cc2fe3,0.8679525084390641,,5.6
1174,5154c148e4b032661a57e3f7,0.9096449773018275,1.0,
1175,513cbf6ce4b07db92987caa7,0.6417367011989291,1.0,
1176,572c9427cd10a82036267214,0.22786404376673264,1.0,
1177,5283bb3d11d2a1fdf7b1e3ef,0.925754859736934,1.0,
1178,4b797832f964a52006fb2ee3,0.9527039925503434,1.0,5.7
1179,4e864874dab43a58d7748c6c,0.8832312885577931,1.0,
1180,4f53680de4b0061515a2ace7,0.38264230008148065,1.0,
1181,4c8d41a05e048cfa0526d4cd,0.9758514724711908,1.0,
1182,4cd5b99d122ba143c93a2ea1,0.28034920265394014,1.0,
1183,4dabdcae6e81162ae7f5fe2d,0.44142241881038297,1.0,
1184,4af58c80f964a520ccf921e3,0.9422069607729019,1.0,5.3
1185,4bbdeaa4f57ba5938d9caeb9,0.9527784891165173,1.0,5.1
1186,4b928d41f964a5208a0334e3,0.9691258293563031,1.0,7.8
1187,5346f9c2498e1d8f10926f90,0.9868723082295425,1.0,8.9
1188,522b73e011d286c02e818fbb,0.9285089046676754,1.0,8.3
1189,56477ceb498eafa53f6b6b94,0.900353858689326,1.0,8.1
1190,4c87aae0821e9eb0d9cc8d89,0.9962542195320685,1.0,7.9
1191,4c5d64746ebe2d7f2d9bd22e,0.9840065184495402,1.0,7.2
1192,4cd4730289eb6dcb5023221e,0.962556163426842,1.0,6.9
1193,4ad75c22f964a520ca0921e3,0.9191526015597719,1.0,6.7
1194,4d55a3e396ed548198180b70,0.9462926318240019,1.0,6.6
1195,567e8731498edbf1995416c6,0.9906111046443953,1.0,6.5
1196,54c0118d498ed3371cf5e6c9,0.9670213013618904,1.0,6.4
1197,4b3d24d0f964a520e18e25e3,0.9569130485391689,1.0,6.3
1198,4e512100c65bb313ba9d1105,0.9306669770690257,1.0,
1199,5b1d37c9a30619002c1405e3,0.9743405889884763,1.0,6.3
1200,4c7676cac219224bd93ea528,0.9905366080782214,1.0,6.2
1201,4b925ad3f964a52008f433e3,0.9089675241531836,1.0,
1202,4b9293cdf964a5200c0634e3,0.8889279478524037,1.0,
1203,4be6c9e12468c9283cac0143,0.9457339075776976,1.0,5.6
1204,4fb3a31fe4b0271a4c422277,0.8557490396927017,1.0,6.2
1205,4f568241e4b06eed10b0c082,0.8577581189617041,1.0,
1206,4bf565ab94af2d7f5ba83b72,0.9769037364683971,1.0,6.0
1207,4e3a8cdfb3ade614e1272dc6,0.9937376324060063,2.0,6.2
1208,4f2ad66ee4b09f4f37c73e4e,0.899289954603655,1.0,
1209,58e508a004ab1a5100fab77f,0.38891863578163194,1.0,
1210,4e6b661962e1cd1d551d6949,0.9172319869631009,1.0,
1211,4c87aaff821e9eb0f0cc8d89,0.9737539285298569,1.0,5.7
1212,4c9e249b54c8a1cd238e8a4b,0.9863904085671051,1.0,
1213,4c07cbb7a9c076b0216f3923,0.988776626702363,1.0,
1214,4e67d22bfa76f38efb48e5ad,0.8866720987079502,1.0,
1215,563d2bf8cd10bb44c2afc90e,0.7057385636130835,1.0,
1216,53010a64498ef4e3a7f5f91a,0.9469700849726458,1.0,
1217,519e7abb498efb78cce17407,0.9364800372482831,1.0,
1218,4c1394a41b5cef3b36f6edc4,0.9228913979746246,1.0,5.5
1219,4c94ce6638dd8cfa5b33cc62,0.8576580142009079,1.0,5.4
1220,4d067f830e49721eb3797b7f,0.9379583284832965,1.0,
1221,4ea9c47bdab40d1325f6c41e,0.5813572343149808,1.0,
1222,4d601043b19fa143e607f0c8,0.9464905133279012,1.0,
1223,4c07fc177e3fc928ea98ef82,0.9243161448027005,1.0,5.2
1224,528f9eb511d209b40bdcb71b,0.9588592713304621,1.0,8.0
1225,4df902302271607ac919ce58,0.9831824001862414,2.0,8.7
1226,591ef6e383e38034a32feae5,0.9682993830753114,1.0,8.1
1227,4c1281d1a5eb76b0574ebeb7,0.9443999534396461,1.0,7.7
1228,4c87ac44821e9eb00cce8d89,0.9848609009428472,1.0,7.3
1229,4aff0674f964a520243322e3,0.9706436968920964,2.0,7.3
1230,50f855ffe4b050d90ed1633c,0.9469561168664882,,7.3
1231,4cd4730289eb6dcb5023221e,0.962556163426842,1.0,6.9
1232,4b5b6667f964a52007fb28e3,0.9851705272960074,1.0,6.7
1233,4d55a3e396ed548198180b70,0.9462926318240019,1.0,6.6
1234,4ace295af964a520cbce20e3,0.9736864160167618,1.0,6.3
1235,4bf878285ec320a198de88d3,0.9783866837387964,,6.3
1236,4b64e2dcf964a5208ed72ae3,0.8720684437201722,1.0,5.3
1237,4e7b1d51775ba737a375e1bf,0.9845652426958444,1.0,6.1
1238,4b6497ddf964a52064c02ae3,0.9379303922709813,1.0,5.9
1239,4c87ab5c821e9eb04dcd8d89,0.9681503899429635,1.0,6.1
1240,5f1b3f95b5d99d73567c394d,0.9298964032126644,1.0,
1241,4b1a862af964a520a0eb23e3,0.9735490629728786,1.0,5.8
1242,50d9b90de4b023bf9a6b7d82,0.3409312070771738,1.0,
1243,4b8ed5f3f964a520f53933e3,0.07644278896519613,1.0,
1244,4d61521b1939a35d37ed2bee,0.8705109998835991,1.0,
1245,4d067f830e49721eb3797b7f,0.9379583284832965,1.0,
1246,4d601043b19fa143e607f0c8,0.9464905133279012,1.0,
1247,4d02608cdc18b1f74ee9eb10,0.5766057502037015,1.0,
1248,50df2b47e4b0fe6430155875,0.9811011523687581,1.0,
1249,4b2a5c78f964a520bea724e3,0.3730089628681178,1.0,8.2
1250,4b535e0ff964a520519927e3,0.9546292631824002,1.0,8.1
1251,4ad6f4ccf964a5206c0821e3,0.9813316261203585,1.0,8.3
1252,4d8b427c76e1236a16c62a43,0.9849447095797929,1.0,8.8
1253,4b7477fef964a5206ede2de3,0.9828169014084507,1.0,8.3
1254,4b3cee4cf964a520d98925e3,0.9833383773716681,1.0,8.3
1255,4bb78d3098c7ef3bbbf32f02,0.9198300547084158,1.0,7.9
1256,4b28f5a3f964a520a29624e3,0.9440135025026191,1.0,8.4
1257,4b814b8ff964a5200a9e30e3,0.9651286229775347,1.0,8.7
1258,4ace6680f964a52059d020e3,0.9583377953672448,1.0,7.9
1259,4bfc2247da7120a18b9e49fd,0.9535164707251775,1.0,8.1
1260,4b6dc8b3f964a520828f2ce3,0.9623396577813992,1.0,8.1
1261,4ba151fff964a5204aac37e3,0.9409754394133395,1.0,7.2
1262,4b071beef964a52068f722e3,0.8891002211616809,1.0,7.7
1263,4ee61a462da504839760f8ff,0.9756233267372832,2.0,7.8
1264,4b0919b2f964a5203e1423e3,0.9666348504248632,1.0,7.7
1265,4ad4d835f964a52030fc20e3,0.9646071470143173,1.0,7.7
1266,4e1419ebb3ad51e832e98fc1,0.9017157490396926,1.0,7.8
1267,4c4afa13959220a1b532e50e,0.6736002793621232,1.0,7.4
1268,4bd3216d41b9ef3bbc52ffe5,0.9651099988359911,1.0,7.8
1269,4ac518bcf964a52087a220e3,0.9626190199045512,1.0,7.6
1270,4ad3c02bf964a5201be620e3,0.9611546967756955,1.0,7.4
1271,4ba17168f964a52086b737e3,0.9593155627982772,1.0,7.5
1272,4bec2db0b3352d7f0f5757d2,0.9394133395413805,1.0,7.5
1273,4ca22cc5d7c33704ef2c9662,0.9376812943778373,1.0,7.6
1274,4bdab41ac4e5952123bc6a08,0.9329530904434874,1.0,7.4
1275,4f918af5e4b0780fc52ec48b,0.9527179606565009,1.0,7.3
1276,4ae0986df964a520c58021e3,0.9772203468746362,1.0,6.9
1277,4c2767845c5ca59372ae47fe,0.966856012105692,1.0,6.4
1278,4bd1e61ab221c9b6d874d6d0,0.9119147945524386,1.0,6.8
1279,4b8bbed3f964a5204ca932e3,0.9155465021534164,1.0,6.9
1280,562d09d4498eb208288dda65,0.9168920963799325,1.0,6.9
1281,4b1bb356f964a520bafc23e3,0.9553579327202887,1.0,6.8
1282,4b643082f964a52046a32ae3,0.979394715399837,1.0,6.6
1283,4b50ff3df964a520a93c27e3,0.9329461063904085,1.0,6.7
1284,4b24ee42f964a520956a24e3,0.9368408799906879,2.0,6.4
1285,4af71168f964a520730522e3,0.9526737283203353,1.0,6.4
1286,4bc9bdd6511f9521b520aec7,0.9183052031195437,1.0,6.1
1287,4bd2069eb221c9b6b4c0d6d0,0.9294680479571644,1.0,6.3
1288,4bc1dbeb4cdfc9b6c01d9521,0.9544919101385171,1.0,6.3
1289,4db176d3f7b1bd003adcb0b5,0.9635525549994179,1.0,6.3
1290,4c2a1f453492a593b2f7b928,0.06409265510417879,1.0,
1291,4cbca8727148f04d6ee6e8ab,0.31470841578395997,1.0,
1292,4b1452e1f964a52031a123e3,0.9515236875800256,1.0,5.9
1293,4c22023f13c00f47feba86de,0.08099406355488302,1.0,
1294,4ba171f0f964a520b1b737e3,0.7661576067978116,1.0,6.0
1295,4b2c05dcf964a520d7bf24e3,0.9460086136654638,1.0,5.9
1296,4ad9f157f964a520221c21e3,0.9366476545221744,1.0,5.9
1297,5cc1fee932b61d002c2e2aa1,0.9003608427424048,1.0,
1298,5478c798498e141c4cbe2409,0.9826492841345594,1.0,5.7
1299,4c13c77b82a3c9b6c90dfcf8,0.947847747642882,1.0,
1300,4cb9c5a00180721e35119661,0.8973204516354324,1.0,5.6
1301,4c2e0dd03a4d0f473adae486,0.9529624025142591,1.0,
1302,50379b2ae4b0361aeaf2b047,0.8913746944476778,1.0,5.4
1303,4baf7b5cf964a52075033ce3,0.8893912233732977,1.0,
1304,4b7195c6f964a5203b4f2de3,0.9805144919101385,1.0,
1305,4b083abbf964a520da0623e3,0.8586264695611686,1.0,
1306,4e7de3ecbe7bf691b67fc8a7,0.9211453847049238,1.0,
1307,4d7a71cc7ea26ea82477c48f,0.05159120009312071,1.0,
1308,4ae9977bf964a5203eb521e3,0.9798160866022582,2.0,8.5
1309,542aeb3b498e5227edba2428,0.9906064486090095,1.0,8.9
1310,4ac518bef964a52010a320e3,0.9931486439296938,2.0,8.3
1311,4ace2e9ef964a520e1ce20e3,0.9845605866604586,2.0,8.5
1312,4ccb1efc566aa093cbcf18fd,0.9882225584914446,2.0,9.0
1313,4ac518bff964a52024a320e3,0.9835199627517169,2.0,8.6
1314,4ac518baf964a520d5a120e3,0.9902619019904552,2.0,8.2
1315,4dab37d78154abafc2be3377,0.9296915376556861,1.0,8.4
1316,4aec9f4bf964a52091c921e3,0.9644022814573391,2.0,8.2
1317,4af49c85f964a52052f421e3,0.9886462577115586,1.0,8.2
1318,4ac518c3f964a52043a420e3,0.9889931323478058,1.0,8.5
1319,4ac518c3f964a5203ca420e3,0.9872983354673496,2.0,8.3
1320,4ac518c3f964a52041a420e3,0.978258642765685,1.0,8.2
1321,5c506375f427de002c2e7d44,0.9960563380281691,1.0,7.9
1322,539db859498eb12d43cf35e8,0.9875264812012571,2.0,8.8
1323,4aec40e1f964a520b0c521e3,0.9948294727039926,2.0,8.0
1324,4be7f1dd88ed2d7f1e39cb1d,0.9708695146083111,2.0,8.2
1325,4adf266af964a520df7721e3,0.9889116517285531,2.0,8.3
1326,4ac518bef964a520faa220e3,0.9938586893260388,1.0,7.6
1327,4ad0963ef964a52093d820e3,0.9852706320568037,2.0,7.9
1328,4ac518c5f964a520d5a420e3,0.9893400069840531,1.0,8.1
1329,4c741edcc219224b79f39e28,0.9895937609125829,3.0,8.0
1330,4ad785bbf964a520bf0b21e3,0.9891374694447678,2.0,8.1
1331,4b784f68f964a52040c42ee3,0.9869491328134093,2.0,7.9
1332,4acf5df2f964a52042d320e3,0.9819113025258992,2.0,8.5
1333,4b65b260f964a52023fa2ae3,0.9855942265161215,2.0,7.6
1334,4ad46036f964a520afe720e3,0.9637038761494587,1.0,8.5
1335,4ad61fd1f964a520330521e3,0.9915143755092539,1.0,7.7
1336,4adefb6cf964a520f77621e3,0.9779257362355954,1.0,7.4
1337,4ac518c3f964a52034a420e3,0.9895378884879525,2.0,8.0
1338,4b8e4297f964a5202c1d33e3,0.9941077872191829,1.0,8.0
1339,4b2a2be5f964a520c1a524e3,0.9842928646257711,1.0,7.9
1340,55f2d6a2498e4a19576e08b5,0.9849214294028634,1.0,7.4
1341,4ad9b52af964a5207a1a21e3,0.9910604120591316,3.0,6.9
1342,4ad4dc51f964a5204bfc20e3,0.9953975090210686,2.0,7.4
1343,5cdd51073d4791002e65b8bb,0.9808404143871493,1.0,7.8
1344,4c7944a8794e224b83cd6428,0.9785100686765219,1.0,7.4
1345,4bc8964015a7ef3b8e617bda,0.9808497264579211,1.0,7.6
1346,4ad364e6f964a5201fe420e3,0.9953625887556745,2.0,7.2
1347,4ac518c3f964a5202fa420e3,0.9902339657781399,2.0,7.5
1348,4ad26ce6f964a52091e120e3,0.9954091491095333,2.0,7.4
1349,4ac518baf964a520d4a120e3,0.9895658247002678,1.0,7.3
1350,578920f6498e94398f3c3a54,0.9839343499010592,1.0,6.9
1351,4b3dfea1f964a520b89725e3,0.9935281108136422,1.0,7.3
1352,4ada5c8ef964a520dd2121e3,0.9666138982656268,1.0,7.3
1353,4b21114bf964a5208f3624e3,0.988134093819113,1.0,7.0
1354,4ac518c5f964a520d4a420e3,0.9966173902921662,1.0,7.0
1355,4b0fd340f964a5203b6523e3,0.9823163776044698,2.0,6.8
1356,4b5c746ff964a520b43029e3,0.9943266208823187,2.0,7.0
1357,4afd6abff964a520b62722e3,0.996980561052264,1.0,7.0
1358,4ad85d94f964a520161121e3,0.9871074380165289,2.0,7.2
1359,4ae09d26f964a520f08021e3,0.9839669421487603,1.0,7.0
1360,4b47ab8cf964a520e23926e3,0.9924735187987429,1.0,7.2
1361,4b8e9757f964a520a22a33e3,0.972897218018857,1.0,6.9
1362,4ac518bef964a520f9a220e3,0.9988196950296823,1.0,7.0
1363,4af06e30f964a520f4db21e3,0.9951134908625305,2.0,7.2
1364,4c07de0d708c2d7f0da0ca63,0.9942172040507508,2.0,6.5
1365,4ac518c3f964a52045a420e3,0.988704458153882,3.0,7.1
1366,4ac518bcf964a52097a220e3,0.9768455360260738,1.0,6.9
1367,4bb9014a314e95216908499d,0.9929624025142592,1.0,6.8
1368,4ac518bcf964a52069a220e3,0.9918519380747294,1.0,6.7
1369,4c87ac36821e9eb0ffcd8d89,0.988490280526132,1.0,6.8
1370,4ad204d6f964a520dfde20e3,0.9735025026190199,2.0,6.9
1371,4ae49b93f964a520449c21e3,0.9954394133395413,2.0,6.5
1372,4ad771e0f964a5208f0a21e3,0.9840693749272494,2.0,6.8
1373,4ba3cc12f964a520736038e3,0.9721336282155745,1.0,6.8
1374,4b7daaeff964a52075cd2fe3,0.9890490047724363,1.0,6.6
1375,4ac518bef964a520f5a220e3,0.9885834012338494,1.0,6.7
1376,4ae19ccbf964a520688621e3,0.9938400651844954,1.0,6.7
1377,4b5f40b5f964a5202ab029e3,0.9729111861250146,1.0,6.4
1378,4bbe1f3cb42aef3b02724bc3,0.9934489582120825,1.0,6.4
1379,4b61ca0ef964a520f2222ae3,0.9909928995460365,2.0,6.2
1380,4ad8c1c7f964a520651421e3,0.9901687812827378,1.0,6.3
1381,4b674306f964a52085442be3,0.9876940984751484,1.0,6.3
1382,4b2cdda1f964a52011ca24e3,0.9735513909905715,1.0,6.5
1383,4ac518bbf964a5203ca220e3,0.9912932138284251,1.0,6.4
1384,4ac518c3f964a52042a420e3,0.9859364451169829,1.0,6.4
1385,4ee61a462da504839760f8b3,0.9916726807123735,1.0,5.7
1386,4aef2314f964a520f0d521e3,0.9744337096961937,1.0,6.0
1387,4af49568f964a52010f421e3,0.9717099289954604,3.0,5.9
1388,4ad0fbbdf964a520b5db20e3,0.9801443370969619,2.0,5.9
1389,4b940d56f964a520606434e3,0.9956116866488185,2.0,6.2
1390,4b50af87f964a520722d27e3,0.9935746711675009,1.0,5.9
1391,4ad36684f964a5202ce420e3,0.9976743103247585,1.0,5.9
1392,4b1e910df964a520bd1b24e3,0.9957956000465603,1.0,5.8
1393,4c87aaf9821e9eb0ebcc8d89,0.9930043068327319,2.0,5.7
1394,4b2d579bf964a520a6d424e3,0.9962425794436037,1.0,5.8
1395,4ae346baf964a520c09221e3,0.9818042137120242,1.0,5.5
1396,4c5df4097f661b8d63f74c1c,0.9205563962286113,1.0,8.6
1397,4b9b8b9cf964a520560e36e3,0.9329600744965661,1.0,8.0
1398,57db0249498ee91be6e0fdfa,0.9201187289023397,1.0,8.0
1399,4b2e80bdf964a5205ae124e3,0.9442765685019207,1.0,6.8
1400,4cc2d761c844721e66e5de01,0.9422674892329181,1.0,6.9
1401,4ec58910b8f7a244857f9dc4,0.940316610406239,1.0,6.6
1402,4c08f79f009a0f47d7dee6bf,0.9151484111279246,1.0,6.4
1403,4c87ac41821e9eb008ce8d89,0.9241299033872657,1.0,6.4
1404,5975c10fc4df1d5f0170072b,0.8371202421138401,1.0,6.2
1405,4bedd7172c082d7fcd962f42,0.41956233267372833,,6.1
1406,4bae0b73f964a5201d7e3be3,0.9733162612035852,1.0,6.4
1407,4bf19505d39ad13aee69aa0e,0.9225747875683855,1.0,5.9
1408,4e04c06018a877730b783da1,0.9085508089861483,1.0,
1409,5102af93e4b055b872692fbb,0.8534210219997672,1.0,
1410,4cba0c83a33bb1f7fd088cfd,0.7748178326155278,1.0,
1411,56e42bce498e8570a2993379,0.21926667442672565,1.0,
1412,4dd277f4fa767fb707930bd0,0.7286020253753929,1.0,
1413,4cec327af368b1f745e773f7,0.715846816435805,1.0,
1414,4fd797f2e4b014978fe47574,0.8876871144220696,1.0,
1415,4bb4efbc0fb7b71385b4bf8a,0.9555255499941799,1.0,5.3
1416,4bec2d2da9900f47abaa1840,0.7831521359562332,1.0,
1417,4e7619a9b993a71aa42cd3b7,0.8497543941333954,1.0,
1418,4fc0c82fe4b0117b73566a5f,0.9049330694913281,1.0,
1419,4c35ee793896e21e63eeed90,0.9178745198463508,1.0,
1420,4b941c59f964a520d16834e3,0.953714352229077,1.0,5.1
1421,539db859498eb12d43cf35e8,0.9875264812012571,2.0,8.8
1422,4ad46036f964a520afe720e3,0.9637038761494587,1.0,8.5
1423,4ace2e9ef964a520e1ce20e3,0.9845605866604586,2.0,8.5
1424,4b926c3af964a52068f833e3,0.9721219881271098,2.0,9.2
1425,4b472756f964a520072c26e3,0.9557909440111745,2.0,9.0
1426,4c741edcc219224b79f39e28,0.9895937609125829,3.0,8.0
1427,511e7cd0e4b0eaecfc0f759c,0.9776370620416716,2.0,8.5
1428,4b22a97df964a520504b24e3,0.9736002793621231,1.0,8.2
1429,4ac518c3f964a52034a420e3,0.9895378884879525,2.0,8.0
1430,5c506375f427de002c2e7d44,0.9960563380281691,1.0,7.9
1431,4beeb7413686c9b600d3246e,0.9853404725875917,1.0,8.3
1432,4ad0963ef964a52093d820e3,0.9852706320568037,2.0,7.9
1433,4aec9f4bf964a52091c921e3,0.9644022814573391,2.0,8.2
1434,4ac518bef964a52010a320e3,0.9931486439296938,2.0,8.3
1435,4ac518bff964a52024a320e3,0.9835199627517169,2.0,8.6
1436,5cdd51073d4791002e65b8bb,0.9808404143871493,1.0,7.8
1437,4acf5df2f964a52042d320e3,0.9819113025258992,2.0,8.5
1438,4ad21558f964a5204edf20e3,0.9822279129321383,2.0,8.0
1439,542aeb3b498e5227edba2428,0.9906064486090095,1.0,8.9
1440,4ae9977bf964a5203eb521e3,0.9798160866022582,2.0,8.5
1441,4b49e9fcf964a520e57526e3,0.9911395646606914,1.0,8.5
1442,4b7fe833f964a520a14330e3,0.9709556512629496,1.0,8.0
1443,4ac518c3f964a5202fa420e3,0.9902339657781399,2.0,7.5
1444,4ac518baf964a520d5a120e3,0.9902619019904552,2.0,8.2
1445,4ac518c3f964a52032a420e3,0.9724106623210337,2.0,8.7
1446,4b09790ef964a520d11723e3,0.9734582702828541,2.0,8.3
1447,4bc6040a6c26b713e325ecf3,0.9888581073216156,2.0,8.0
1448,4ac518c5f964a520d8a420e3,0.9872401350250262,1.0,8.2
1449,4b3dfea1f964a520b89725e3,0.9935281108136422,1.0,7.3
1450,4ac518c3f964a52043a420e3,0.9889931323478058,1.0,8.5
1451,4af49c85f964a52052f421e3,0.9886462577115586,1.0,8.2
1452,4ac518bef964a520faa220e3,0.9938586893260388,1.0,7.6
1453,4ac518c3f964a52041a420e3,0.978258642765685,1.0,8.2
1454,4acdd5d4f964a5202fcd20e3,0.928844139215458,1.0,7.9
1455,4b65b260f964a52023fa2ae3,0.9855942265161215,2.0,7.6
1456,55f2d6a2498e4a19576e08b5,0.9849214294028634,1.0,7.4
1457,4ad78c64f964a5200f0c21e3,0.9875241531835642,2.0,7.7
1458,4aef36c1f964a520a0d621e3,0.9804493074147363,2.0,7.5
1459,4b21501df964a520003a24e3,0.9822139448259807,2.0,8.2
1460,4c2b8978f7acef3bd051ed0c,0.9762961238505412,1.0,7.8
1461,4ad364e6f964a5201fe420e3,0.9953625887556745,2.0,7.2
1462,4ac518c5f964a520c6a420e3,0.969132813409382,1.0,8.0
1463,4b5c746ff964a520b43029e3,0.9943266208823187,2.0,7.0
1464,4b47ab8cf964a520e23926e3,0.9924735187987429,1.0,7.2
1465,4b634d25f964a520b0702ae3,0.987282039343499,1.0,7.8
1466,4c87ac36821e9eb0ffcd8d89,0.988490280526132,1.0,6.8
1467,4bb9014a314e95216908499d,0.9929624025142592,1.0,6.8
1468,4d136401d0fda09378aeb257,0.9703317425212432,2.0,7.2
1469,4abdc1c7f964a5206d8b20e3,0.9738167850075661,2.0,7.3
1470,5877d81176f2ca58273d8de9,0.9475800256081947,1.0,7.4
1471,4b84239ef964a5202a2331e3,0.9773786520777558,2.0,7.3
1472,4ad85d94f964a520161121e3,0.9871074380165289,2.0,7.2
1473,4adefb6cf964a520f77621e3,0.9779257362355954,1.0,7.4
1474,4bd4314a9854d13a372cff4d,0.9817204050750785,1.0,6.9
1475,4ae19ccbf964a520688621e3,0.9938400651844954,1.0,6.7
1476,4b0fd340f964a5203b6523e3,0.9823163776044698,2.0,6.8
1477,4ac518c1f964a520cda320e3,0.9572832033523455,1.0,7.1
1478,4b50bbcaf964a520e92f27e3,0.9642626003957631,1.0,6.7
1479,566af633498eadbfb1b6ec53,0.9625817716214643,1.0,7.1
1480,578920f6498e94398f3c3a54,0.9839343499010592,1.0,6.9
1481,4ad9b52af964a5207a1a21e3,0.9910604120591316,3.0,6.9
1482,4ae49b93f964a520449c21e3,0.9954394133395413,2.0,6.5
1483,4b7d83dff964a520b0c32fe3,0.9510720521475963,1.0,6.4
1484,4b8e9757f964a520a22a33e3,0.972897218018857,1.0,6.9
1485,4c07de0d708c2d7f0da0ca63,0.9942172040507508,2.0,6.5
1486,4b61ca0ef964a520f2222ae3,0.9909928995460365,2.0,6.2
1487,4ad36684f964a5202ce420e3,0.9976743103247585,1.0,5.9
1488,4b50af87f964a520722d27e3,0.9935746711675009,1.0,5.9
1489,50c23072e4b05fe30fa98f1b,0.9666860668141077,1.0,6.0
1490,4bbe1f3cb42aef3b02724bc3,0.9934489582120825,1.0,6.4
1491,4b7828bdf964a52000b92ee3,0.9796182050983587,1.0,6.3
1492,4ad3b7b9f964a520e1e520e3,0.9640111744849261,1.0,6.2
1493,4af49568f964a52010f421e3,0.9717099289954604,3.0,5.9
1494,4ad89b5ff964a520c81221e3,0.9551623792340822,1.0,5.7
1495,4bdaa3c02a3a0f476b95abb6,0.9856081946222791,1.0,5.7
1496,4c87aaf9821e9eb0ebcc8d89,0.9930043068327319,2.0,5.7
1497,4ae346baf964a520c09221e3,0.9818042137120242,1.0,5.5
1498,4bc05776f8219c749672b110,0.9859597252939122,1.0,5.7
1499,4ee61a462da504839760f8b3,0.9916726807123735,1.0,5.7
1500,55953999498e3c823cc91116,0.9549505296240252,1.0,9.4
1501,4fabfa98e4b0f1115f45a1cd,0.9894633919217786,2.0,8.7
1502,579112eccd1011bab9bdc1ba,0.9848958212082412,1.0,8.6
1503,50146f11e4b0b960183b5f02,0.9719892911186125,1.0,8.3
1504,4b85a330f964a5202f6a31e3,0.9869142125480154,2.0,8.5
1505,59f6041f1ffed71a14408cfd,0.9698707950180422,1.0,8.4
1506,4ad77a95f964a520320b21e3,0.9590548248166686,1.0,8.2
1507,4c549f54fd2ea593b533612a,0.9865254335932954,2.0,8.2
1508,4fbd43dce4b0ef4a9ad9a5cc,0.9435455709463392,1.0,8.7
1509,4b65d55ff964a520ca022be3,0.9577162146432313,3.0,8.5
1510,592af90c4a1cc037f24fed68,0.9752717960656501,1.0,9.1
1511,4df902302271607ac919ce58,0.9831824001862414,2.0,8.7
1512,4b6dada4f964a52091852ce3,0.9791339774182284,1.0,8.4
1513,5228cabd11d2164a106f3cad,0.9658712606215807,1.0,8.2
1514,5172c8ac498e0949bed12268,0.9525480153649167,2.0,8.1
1515,4c5d9f90857ca593f45fcdcb,0.9847398440228146,2.0,8.2
1516,4b77e71cf964a5202dae2ee3,0.9790501687812827,1.0,7.6
1517,52d2ca1311d2ad382c85c549,0.9670701897334419,1.0,8.3
1518,4ac518c6f964a52032a520e3,0.9864183447794204,2.0,8.1
1519,4d4dbf0e72eba143a4744712,0.9292724944709579,1.0,7.9
1520,4b328086f964a520490d25e3,0.9883785356768712,1.0,7.9
1521,4bdf05a1e75c0f4758a2c903,0.982944942381562,1.0,8.0
1522,591ef6e383e38034a32feae5,0.9682993830753114,1.0,8.1
1523,5c0965d132b61d002c650ae5,0.9837760446979397,1.0,8.0
1524,4e95a40c6c25df8da7b84eeb,0.9797997904784076,3.0,7.7
1525,59f36b6cb6eedb4ceea71d0d,0.9608753346525434,1.0,7.6
1526,4c0e8bb5336220a19164cc77,0.9830706553369806,1.0,7.2
1527,4ac518c4f964a52078a420e3,0.9380863694564079,1.0,7.3
1528,4bddb6beffdec928c51ce6a1,0.9896729135141427,1.0,7.2
1529,4ae0acf4f964a5208c8121e3,0.9629356303107903,1.0,7.3
1530,4b9259e4f964a520d4f333e3,0.9637062041671517,1.0,6.8
1531,4b1eb344f964a520111e24e3,0.9493120707717378,1.0,6.9
1532,4c87ab5c821e9eb04ccd8d89,0.9803166104062391,1.0,6.5
1533,4ad75c22f964a520ca0921e3,0.9191526015597719,1.0,6.7
1534,567e8731498edbf1995416c6,0.9906111046443953,1.0,6.5
1535,4be1952985670f47927b2bd7,0.9912513095099523,1.0,6.5
1536,4aeb661ff964a520c1c121e3,0.9455127458968688,1.0,6.3
1537,4e3a8cdfb3ade614e1272dc6,0.9937376324060063,2.0,6.2
1538,4c87ab5c821e9eb04dcd8d89,0.9681503899429635,1.0,6.1
1539,4b216fa8f964a520cd3b24e3,0.9751856594110115,1.0,5.8
1540,618568b61a150d61b85d565e,0.8884972645792109,1.0,
1541,4dfcd1fca809d61e2fc1202d,0.18302176696542893,1.0,
1542,5cf2b243f2554e002c483916,0.9640181585380049,1.0,
1543,4b5af3bdf964a520efdb28e3,0.9730741473635199,1.0,5.8
1544,4df65fa2a809141629abf374,0.1535420789197998,1.0,
1545,50145489e4b034c3e02b525b,0.9421510883482714,1.0,
1546,4cd4632adfb4a1cd47dc525c,0.8577394948201607,1.0,
1547,54554c0b498edcd92f3b6b08,0.908492608543825,1.0,
1548,5702a40bcd10c69a22939477,0.6172785473169596,1.0,
1549,4bc0cb81f8219c740038b210,0.9715213595623327,1.0,5.5
1550,4da046dc5970b1f735d7551e,0.8648632289605401,1.0,
1551,4aec9093f964a520cbc821e3,0.2162379234082179,1.0,
1552,4bf7ff0f5ec320a15add87d3,0.8856896752415319,1.0,
1553,4be9f83b246fb7136ad8abdf,0.9432103363985567,1.0,5.4
1554,4ea9c47bdab40d1325f6c41e,0.5813572343149808,1.0,
1555,4c4afa1f9c8d2d7f8f0c4f6a,0.9680200209521592,1.0,
1556,4b79d47ff964a520cf142fe3,0.00863694564078687,1.0,
1557,4b8ed5f3f964a520f53933e3,0.07644278896519613,1.0,
1558,50d9b90de4b023bf9a6b7d82,0.3409312070771738,1.0,
1559,54a59d05498ed89e2bcb6124,0.28270050052380397,1.0,
1560,4b9bb7d3f964a520761d36e3,0.2885577930392271,1.0,
1561,4c275b58c11dc9b66c682a24,0.22081247817483413,1.0,
1562,4bf00b0e51f2c9b61e1df192,0.1315702479338843,1.0,
1563,4b59f661f964a5200da428e3,0.8547479920847398,1.0,5.0
1564,4b215bd7f964a520b03a24e3,0.9849167733674776,1.0,8.4
1565,4ace407ef964a5206ccf20e3,0.9683552554999418,3.0,8.4
1566,4aff2919f964a520263522e3,0.968422768013037,1.0,8.9
1567,4afb4a29f964a520ad1c22e3,0.9445652426958445,1.0,7.7
1568,4ad2393bf964a52031e020e3,0.9407985100686765,1.0,8.2
1569,4ac518c3f964a52023a420e3,0.9579327202886742,1.0,7.8
1570,4b13ef42f964a520a19a23e3,0.9849237574205564,2.0,8.8
1571,541ad2a8498e561ee5d7940d,0.9743359329530904,2.0,8.6
1572,4b7ef87cf964a520410d30e3,0.9789849842858805,1.0,8.4
1573,4b6728c9f964a520823e2be3,0.9633663135839833,1.0,8.4
1574,4b281ec4f964a5204e8f24e3,0.9392061459667094,1.0,8.0
1575,60884f4c75d03d4faf983a88,0.9702060295658247,1.0,8.3
1576,4b465248f964a5208b1d26e3,0.9606285647770924,1.0,7.9
1577,4ace3f0ef964a52061cf20e3,0.9337446164590851,1.0,8.1
1578,4b12a45ef964a520c08b23e3,0.961208241182633,1.0,8.1
1579,4ace1cc3f964a52077ce20e3,0.9351274589686882,1.0,7.3
1580,4b61dc68f964a520b5272ae3,0.9609358631125596,1.0,7.7
1581,4ace46ecf964a52092cf20e3,0.9771993947153998,1.0,7.3
1582,4bbf759ab083a593827aa3e9,0.962914678151554,1.0,7.8
1583,4be591b8bcef2d7fbbf103e5,0.971013851705273,1.0,7.6
1584,4bd1d4da9854d13aa64efa4d,0.9482528227214527,1.0,7.6
1585,549f35ea498e7b2806b5e61d,0.9701501571411942,1.0,7.8
1586,4b8c07def964a520a5b932e3,0.9492538703294146,1.0,7.9
1587,4adf619ef964a520157a21e3,0.9732115004074031,1.0,7.5
1588,567c1651498e759f8681c1e7,0.8581678500756605,1.0,7.4
1589,4b229c17f964a5201f4a24e3,0.9466604586194856,2.0,7.5
1590,4b3baee7f964a520b77825e3,0.9474287044581539,1.0,7.4
1591,4e271607d16486291ba6b81e,0.9682155744383657,1.0,7.8
1592,4acf1a99f964a5206bd220e3,0.9654917937376324,1.0,7.6
1593,4ac518bdf964a520a4a220e3,0.9744034454661855,1.0,7.5
1594,4c274525a852c9282af3e76c,0.9574717727854731,1.0,7.0
1595,4ac518bdf964a520a8a220e3,0.9515027354207892,2.0,7.4
1596,4ac518bdf964a520a3a220e3,0.9805750203701548,1.0,7.3
1597,4ac518bdf964a520caa220e3,0.9410080316610406,1.0,7.3
1598,4b9fe3dff964a520fe4737e3,0.9678314515190315,1.0,7.3
1599,4ad8d647f964a5202b1521e3,0.9609149109533233,1.0,7.4
1600,56d87ec2498eb2bcd16a7e8b,0.9631102316377604,1.0,7.2
1601,4acf370af964a520bed220e3,0.9544872541031312,1.0,6.8
1602,4bf7d1154a67c9280d2e24cf,0.9738493772552671,1.0,6.9
1603,4ad06911f964a520fcd720e3,0.9671167500873007,1.0,7.1
1604,4ad76bb2f964a5203d0a21e3,0.9590967291351414,1.0,7.0
1605,4c0b9f476071a593ce78e132,0.9786776859504133,1.0,6.8
1606,4b3681a7f964a520fb3625e3,0.8525107670818298,1.0,7.0
1607,4ac518bdf964a520b1a220e3,0.6945384704923757,1.0,6.8
1608,4c6d79524d24b60c9ff5d5d8,0.8918519380747294,1.0,6.1
1609,4cb42ded3f0676b0bcb5fe0c,0.9533861017343732,1.0,6.9
1610,51dae2c9498eee1e84a07404,0.9751530671633104,1.0,6.7
1611,4b2bd1f2f964a520aebb24e3,0.9807519497148178,2.0,6.6
1612,4ad8c647f964a520851421e3,0.9651425910836923,1.0,6.6
1613,4c20fcedebe52d7fbc7a3178,0.9663042719124665,1.0,6.8
1614,4b9981dbf964a5200b8035e3,0.95776277499709,1.0,6.4
1615,57ae03c938fa6c46b7e49fa1,0.9551437550925387,,6.7
1616,60cb5f0ccd73f417aa28ebdb,0.9875916656966593,1.0,6.6
1617,5627e2ff498ee89d89ffba5c,0.9780072168548481,1.0,6.5
1618,4beab9ad415e20a16656e5bb,0.9854964497730183,1.0,6.4
1619,4ac518bdf964a520b5a220e3,0.952219764870213,1.0,6.4
1620,4ae9fb1cf964a5202eb821e3,0.9413735304388313,1.0,6.4
1621,4ad465e6f964a520bee720e3,0.9432196484693284,1.0,6.6
1622,5e07c2ad946dea0007bf545c,0.9787777907112094,1.0,
1623,4acf70bbf964a520aed320e3,0.9624234664183448,1.0,6.3
1624,59e1088ac4df1d667eec293e,0.947356535909673,1.0,
1625,4b62b52cf964a520ca4f2ae3,0.8974880689093238,1.0,6.2
1626,4b619964f964a52082192ae3,0.9529367943196368,1.0,6.1
1627,4bc0b88bf8219c74b40ab210,0.9404772436270515,1.0,5.7
1628,5f09f9f699a5105fcb7f43a0,0.14824583866837387,1.0,
1629,4aeb5466f964a52003c121e3,0.9391200093120707,1.0,5.6
1630,4ac518bdf964a520b6a220e3,0.21619834710743802,1.0,
1631,4ac518bdf964a520e1a220e3,0.2841881038295891,1.0,
1632,5c8d48a4f709c1002c6e9a4b,0.9760190897450821,1.0,
1633,4b59f0d0f964a52086a228e3,0.968206262367594,1.0,5.3
1634,5d3c6b1ad7233d0008349df1,0.08909323710860202,1.0,
1635,4f3f8a5ce4b020913c3f6731,0.43789780002328016,1.0,
1636,4f21b8e7e4b0717a65a396fd,0.4929554184611803,1.0,
1637,558884b0498e41a14ff28921,0.9010033756256548,1.0,
1638,4ad5b9ddf964a5204d0321e3,0.9879455243859854,1.0,5.3
1639,4bbdeaa4f57ba5938d9caeb9,0.9527784891165173,1.0,5.1
1640,542aeb3b498e5227edba2428,0.9906064486090095,1.0,8.9
1641,4bc8964015a7ef3b8e617bda,0.9808497264579211,1.0,7.6
1642,4adf266af964a520df7721e3,0.9889116517285531,2.0,8.3
1643,4dab37d78154abafc2be3377,0.9296915376556861,1.0,8.4
1644,4ccb1efc566aa093cbcf18fd,0.9882225584914446,2.0,9.0
1645,4be7f1dd88ed2d7f1e39cb1d,0.9708695146083111,2.0,8.2
1646,4ac518c3f964a5203ca420e3,0.9872983354673496,2.0,8.3
1647,4ae9977bf964a5203eb521e3,0.9798160866022582,2.0,8.5
1648,4aec40e1f964a520b0c521e3,0.9948294727039926,2.0,8.0
1649,4b784f68f964a52040c42ee3,0.9869491328134093,2.0,7.9
1650,4df2585618386ecb4e2c1bb9,0.9674356885112327,1.0,8.0
1651,4ad785bbf964a520bf0b21e3,0.9891374694447678,2.0,8.1
1652,4b8e4297f964a5202c1d33e3,0.9941077872191829,1.0,8.0
1653,4b3b5363f964a5207e7225e3,0.9658060761261785,1.0,8.2
1654,4ad61fd1f964a520330521e3,0.9915143755092539,1.0,7.7
1655,4ac518bef964a52005a320e3,0.9828378535676872,1.0,8.2
1656,4ac518bff964a52024a320e3,0.9835199627517169,2.0,8.6
1657,4ad20d0cf964a52010df20e3,0.9837876847864043,1.0,8.4
1658,4b2a2be5f964a520c1a524e3,0.9842928646257711,1.0,7.9
1659,4ac518c3f964a52043a420e3,0.9889931323478058,1.0,8.5
1660,4b3f6928f964a5207fa625e3,0.9793318589221278,1.0,7.7
1661,4af49c85f964a52052f421e3,0.9886462577115586,1.0,8.2
1662,4ac518c3f964a52041a420e3,0.978258642765685,1.0,8.2
1663,4ac518c5f964a520d5a420e3,0.9893400069840531,1.0,8.1
1664,4ac518bef964a52010a320e3,0.9931486439296938,2.0,8.3
1665,4ad0e146f964a520b6da20e3,0.9794110115236876,1.0,8.1
1666,4ac518baf964a520d5a120e3,0.9902619019904552,2.0,8.2
1667,4ac518c4f964a5207da420e3,0.9874030962635316,1.0,7.9
1668,4ac518bef964a520f9a220e3,0.9988196950296823,1.0,7.0
1669,4adcb6b2f964a520022f21e3,0.9703503666627866,,7.7
1670,4c2b8978f7acef3bd051ed0c,0.9762961238505412,1.0,7.8
1671,4b634d25f964a520b0702ae3,0.987282039343499,1.0,7.8
1672,4b191af6f964a5200dd823e3,0.9763682923990222,1.0,7.8
1673,4ad26ce6f964a52091e120e3,0.9954091491095333,2.0,7.4
1674,4adefb6cf964a520f77621e3,0.9779257362355954,1.0,7.4
1675,4c7944a8794e224b83cd6428,0.9785100686765219,1.0,7.4
1676,4ac518bcf964a52088a220e3,0.9945803748108486,1.0,7.4
1677,4ac518baf964a520d4a120e3,0.9895658247002678,1.0,7.3
1678,4ad4dc51f964a5204bfc20e3,0.9953975090210686,2.0,7.4
1679,4ac518c5f964a520d4a420e3,0.9966173902921662,1.0,7.0
1680,4b21114bf964a5208f3624e3,0.988134093819113,1.0,7.0
1681,4b84239ef964a5202a2331e3,0.9773786520777558,2.0,7.3
1682,4ae09d26f964a520f08021e3,0.9839669421487603,1.0,7.0
1683,4ac518bef964a520f5a220e3,0.9885834012338494,1.0,6.7
1684,4ac518c3f964a52045a420e3,0.988704458153882,3.0,7.1
1685,4ac518c1f964a520cda320e3,0.9572832033523455,1.0,7.1
1686,4ac518bcf964a5208fa220e3,0.9906274007682458,2.0,6.9
1687,4ad204d6f964a520dfde20e3,0.9735025026190199,2.0,6.9
1688,4ba3cc12f964a520736038e3,0.9721336282155745,1.0,6.8
1689,4ac518bef964a520fca220e3,0.9904295192643464,1.0,6.9
1690,4b5f40b5f964a5202ab029e3,0.9729111861250146,1.0,6.4
1691,4afd6abff964a520b62722e3,0.996980561052264,1.0,7.0
1692,4ac518bcf964a52097a220e3,0.9768455360260738,1.0,6.9
1693,4b506e8df964a5201b2327e3,0.9931672680712373,1.0,6.7
1694,4ad771e0f964a5208f0a21e3,0.9840693749272494,2.0,6.8
1695,4ac518bcf964a52069a220e3,0.9918519380747294,1.0,6.7
1696,578920f6498e94398f3c3a54,0.9839343499010592,1.0,6.9
1697,4ad9b52af964a5207a1a21e3,0.9910604120591316,3.0,6.9
1698,4b2fb86ef964a52091ee24e3,0.9694890001164009,2.0,6.9
1699,4b8e9757f964a520a22a33e3,0.972897218018857,1.0,6.9
1700,4ac518bbf964a5203ca220e3,0.9912932138284251,1.0,6.4
1701,4aec421af964a520b5c521e3,0.965473169596089,1.0,6.9
1702,4b674306f964a52085442be3,0.9876940984751484,1.0,6.3
1703,4f19a7b3e4b088d4a00fcc4f,0.9762030031428239,1.0,6.6
1704,4b940d56f964a520606434e3,0.9956116866488185,2.0,6.2
1705,4b7daaeff964a52075cd2fe3,0.9890490047724363,1.0,6.6
1706,4b0449c6f964a520e85222e3,0.9943103247584681,1.0,6.6
1707,4b1d3fb8f964a5209c0d24e3,0.9751181468979164,1.0,6.6
1708,4ac518c3f964a52042a420e3,0.9859364451169829,1.0,6.4
1709,4ad0adb6f964a52007d920e3,0.9755907344895821,1.0,6.3
1710,4b2cdda1f964a52011ca24e3,0.9735513909905715,1.0,6.5
1711,4b1e910df964a520bd1b24e3,0.9957956000465603,1.0,5.8
1712,4b2d579bf964a520a6d424e3,0.9962425794436037,1.0,5.8
1713,4c424d876c1a952116c8b96a,0.9778838319171226,2.0,6.6
1714,4ad9cbdbf964a520ee1a21e3,0.9870562216272843,2.0,6.5
1715,4c07de0d708c2d7f0da0ca63,0.9942172040507508,2.0,6.5
1716,4ad8c1c7f964a520651421e3,0.9901687812827378,1.0,6.3
1717,4ad73549f964a520fd0821e3,0.9658479804446514,1.0,6.5
1718,4bbe1f3cb42aef3b02724bc3,0.9934489582120825,1.0,6.4
1719,4aef2314f964a520f0d521e3,0.9744337096961937,1.0,6.0
1720,4aedb71ff964a5204ece21e3,0.9734396461413106,1.0,6.3
1721,4c0fbb3cc6cf76b0c1bf8251,0.9773530438831335,1.0,5.9
1722,4ad0fbbdf964a520b5db20e3,0.9801443370969619,2.0,5.9
1723,4ee61a462da504839760f8b3,0.9916726807123735,1.0,5.7
1724,5bef0cf6780eee002ce87166,0.9689582120824118,1.0,
1725,4bdaa3c02a3a0f476b95abb6,0.9856081946222791,1.0,5.7
1726,4ac518bdf964a520cca220e3,0.9727971132580607,1.0,5.7
1727,4ac518bdf964a520cba220e3,0.977017809335351,1.0,5.6
